Sequence,Protein,Start,"""+""/tested",SFC,CD4R-30,CD4S-31
NHNFLVQAGNVQLRV,nsp5,3326,2/16,51907,Yes,No
SFIEDLLFNKVTLAD,S,816,7/15,30487,No,Yes
SPLYAFASEAARVVR,nsp2,531,1/17,15860,Yes,No
SDFVRATATIPIQAS,ORF3a,26,1/17,14667,Yes,No
QPTESIVRFPNITNL,S (RBD),321,5/16,14033,No,Yes
FYSKWYIRVGARKSA,ORF8,41,1/15,12400,Yes,No
TRFQTLLALHRSYLT,S,236,5/13,11813,No,Yes
SNFRVQPTESIVRFP,S (RBD),316,1/16,11693,No,Yes
EEIAIILASFSASTS,nsp2,471,1/16,11680,Yes,No
MFHLVDFQVTIAEIL,ORF6,1,1/16,10817,Yes,No
KPSKRSFIEDLLFNK,S,811,4/15,10793,No,Yes
TQLNRALTGIAVEQD,S,761,3/14,10193,No,Yes
NFSQILPDPSKPSKR,S,801,1/15,10160,No,Yes
NNATNVVIKVCEFQF,S,121,3/16,9760,No,Yes
AQALNTLVKQLSSNF,S,956,2/14,7300,No,Yes
IVRFPNITNLCPFGE,S (RBD),326,2/16,7227,No,Yes
VLKKLKKSLNVAKSE,nsp8,3976,1/16,5660,Yes,No
LNEVAKNLNESLIDL,S,1186,1/17,5213,No,Yes
CTFEYVSQPFLMDLE,S,166,3/15,4753,No,Yes
ISPYNSQNAVASKIL,nsp13,5836,2/18,4440,Yes,No
NRYFRLTLGVYDYLV,nsp6,3801,4/16,4253,Yes,No
NLLLQYGSFCTQLNR,S,751,1/14,3933,No,Yes
LMIERFVSLAIDAYP,nsp12,5246,2/17,3870,Yes,No
DAALALLLLDRLNQL,N,216,1/15,3733,Yes,No
SVASQSIIAYTMSLG,S,686,2/15,3360,No,Yes
SLLIVNNATNVVIKV,S,116,1/16,3327,No,Yes
VKHVYQLRARSVSPK,ORF7a,71,1/16,3307,Yes,No
VQIDRLITGRLQSLQ,S,991,3/14,3007,No,Yes
VFNATRFASVYAWNR,S (RBD),341,4/16,2540,No,Yes
PLNSIIKTIQPRVEK,nsp2,276,2/17,2520,Yes,No
APHGVVFLHVTYVPA,S,1056,1/14,2433,No,Yes
TFKVSIWNLDYIINL,ORF6,21,2/16,2427,Yes,No
KVTFFPDLNGDVVAI,nsp3,1956,1/16,2427,Yes,No
AQYTSALLAGTITSG,S,871,1/12,2400,No,Yes
CPFGEVFNATRFASV,S (RBD),336,3/16,2360,No,Yes
ELDKYFKNHTSPDVD,S,1151,2/16,2313,No,Yes
FTVEKGIYQTSNFRV,S,306,1/16,2053,No,Yes
CEFQFCNDPFLGVYY,S,131,2/16,2000,No,Yes
LAILTALRLCAYCCN,E,31,1/17,1880,Yes,No
VFAQVKQIYKTPPIK,S,781,1/14,1673,No,Yes
LLALHRSYLTPGDSS,S,241,3/13,1613,No,No
IGINITRFQTLLALH,S,231,2/13,1593,No,Yes
AYSNNSIAIPTNFTI,S,706,1/15,1587,No,Yes
KHFYWFFSNYLKRRV,nsp4,3151,2/17,1573,Yes,No
GINASVVNIQKEIDR,S,1171,1/17,1547,No,Yes
SIIAYTMSLGAENSV,S,691,3/15,1427,No,No
YIINLIIKNLSKSLT,ORF6,31,1/16,1343,Yes,No
GETFVTHSKGLYRKC,nsp2,706,1/17,1333,No,No
REEAIRHVRAWIGFD,nsp14,6001,2/16,1267,Yes,No
WTFGAGAALQIPFAM,S,886,1/12,1253,No,Yes
TQLCQYLNTLTLAVP,nsp16,6846,1/17,1187,Yes,No
ALLAVFQSASKIITL,ORF3a,51,1/17,1160,Yes,No
LLLLDRLNQLESKMS,N,221,1/15,1120,Yes,No
GAISSVLNDILSRLD,S,971,1/14,1120,No,Yes
PSGTWLTYTGAIKLD,N,326,1/15,1067,Yes,No
GLVASIKNFKSVLYY,nsp12,5166,1/16,1060,No,No
QTFFKLVNKFLALCA,nsp2,676,1/17,1053,Yes,No
SHNIALIWNVKDFMS,nsp3,2706,2/14,1040,No,No
QNCVLKLKVDTANPK,nsp5,3346,2/17,1000,No,No
FGEYSHVVAFNTLLF,nsp4,3071,1/17,893,No,No
SIAIPTNFTISVTTE,S,711,2/15,880,No,No
LPQGFSALEPLVDLP,S,216,1/13,873,No,No
LFVAAIFYLITPVHV,nsp4,2781,2/16,840,No,No
FNFNGLTGTGVLTES,S,541,1/13,840,No,No
LEASFNYLKSPNFSK,nsp3,2211,1/17,840,No,No
LIVTALRANSAVKLQ,nsp8,4126,1/17,813,No,No
GSLIYSTAALGVLMS,nsp3,2241,1/17,800,No,No
EFYAYLRKHFSMMIL,nsp12,5136,2/18,787,Yes,No
IWNLDYIINLIIKNL,ORF6,26,1/16,787,No,No
GGNYNYLYRLFRKSN,S (RBD),446,1/16,787,No,No
NVNRFNVAITRAKVG,nsp13,5881,1/18,760,Yes,No
KKRWQLALSKGVHFV,ORF3a,66,2/17,760,No,No
LITGRLQSLQTYVTQ,S,996,2/14,760,No,No
LIIMRTFKVSIWNLD,ORF6,16,1/16,733,No,No
TDEMIAQYTSALLAG,S,866,1/12,720,No,No
HWFVTQRNFYEPQII,S,1101,1/13,707,No,No
YIRVGARKSAPLIEL,ORF8,46,2/15,673,No,No
QIDGYVMHANYIFWR,nsp16,7016,1/14,667,Yes,No
NMFITREEAIRHVRA,nsp14,5996,1/16,667,No,No
TIAYIICISTKHFYW,nsp4,3141,1/17,667,No,No
DDQIGYYRRATRRIR,N,81,1/15,653,No,No
FNCYFPLQSYGFQPT,S (RBD),486,1/16,647,No,No
CAQKFNGLTVLPPLL,S,851,1/12,640,No,Yes
STECSNLLLQYGSFC,S,746,2/15,633,No,No
RFASVYAWNRKRISN,S (RBD),346,1/16,627,No,No
NIDGYFKIYSKHTPI,S,196,1/15,607,No,No
AENSVAYSNNSIAIP,S,701,1/15,540,No,No
EIIKSQDLSVVSKVV,nsp15,6756,1/18,533,No,No
CTFLLNKEMYLKLRS,nsp4,3181,1/17,520,No,No
YGSFCTQLNRALTGI,S,756,1/14,507,No,No
NELSRVLGLKTLATH,nsp3,2111,1/17,493,No,No
DAFKLNIKLLGVGGK,nsp6,3836,1/16,480,No,No
IPFAMQMAYRFNGIG,S,896,1/12,480,No,No
FLGIITTVAAFHQEC,ORF8,6,1/15,480,No,No
GIYQTSNFRVQPTES,S (RBD),311,2/16,467,No,No
ENLLLYIDINGNLHP,nsp3,1251,1/17,453,No,No
LYSPIFLIVAAIVFI,ORF7a,96,1/16,453,No,No
LGDISGINASVVNIQ,S,1166,1/17,453,No,No
VLLPLVSSQCVNLTT,S,6,1/16,440,No,No
VLSFCAFAVDAAKAY,nsp10,4266,2/16,440,No,No
LLVLVQSTQWSLFFF,nsp6,3591,1/16,400,No,No
QSINFVRIIMRLWLC,ORF3a,116,1/17,400,No,No
KNPLLYDANYFLCWH,ORF3a,136,1/17,400,No,No
QPYVFIKRSDARTAP,nsp1,66,1/14,387,No,No
TNFTISVTTEILPVS,S,716,2/15,387,No,No
FDAYVNTFSSTFNVP,nsp3,2591,1/17,373,No,No
LRKHFSMMILSDDAV,nsp12,5141,1/18,360,Yes,No
GCVIAWNSNNLDSKV,S (RBD),431,1/16,360,No,No
SEETGTLIVNSVLLF,E,6,1/17,360,No,No
LGVYYHKNNKSWMES,S,141,2/16,360,No,No
IAEILLIIMRTFKVS,ORF6,11,1/16,347,No,No
DNFKFVCDNIKFADD,nsp3,1926,1/17,333,No,No
QMAYRFNGIGVTQNV,S,901,2/15,333,No,No
SLLMPILTLTRALTA,nsp12,4631,1/17,320,No,No
MKIILFLALITLATC,ORF7a,1,1/16,320,No,No
KGGKIVNNWLKQLIK,nsp4,2761,1/18,307,No,No
VVIKVCEFQFCNDPF,S,126,1/16,307,No,No
ECDIPIGAGICASYQ,S,661,1/15,307,No,No
NTLLFLMSFTVLCLT,nsp4,3081,1/17,307,No,No
ISSFKWDLTAFGLVA,nsp3,2311,1/17,293,No,No
PDILRVYANLGERVR,nsp12,4561,1/16,267,No,No
PLMYKGLPWNVVRIK,nsp14,6076,1/16,260,No,No
EAARYMRSLKVPATV,nsp3,1461,1/16,253,No,No
SLFFFLYENAFLPFA,nsp6,3601,1/18,240,No,No
SVLHSTQDLFLPFFS,S,46,1/16,227,No,No
AITILDGISQYSLRL,nsp2,566,1/17,227,No,No
DTRYVLMDGSIIQFP,nsp4,2951,1/17,213,No,No
LVYFLQSINFVRIIM,ORF3a,111,1/17,200,No,No
YEQYIKWPWYIWLGF,S,1206,1/17,200,No,Yes
REGVFVSNGTHWFVT,S,1091,1/14,187,No,No
TTAPAICHDGKAHFP,S,1076,1/14,187,No,No
KLLKSIAATRGATVV,nsp12,4966,1/17,187,Yes,No
TSHKLVLSVNPYVCN,nsp13,5361,1/17,160,Yes,No
SFTRGVYYPDKVFRS,S,31,1/16,160,No,No
CTLKSFTVEKGIYQT,S,301,1/16,147,No,No
LCLFLLPSLATVAYF,nsp6,3636,1/18,120,No,No
TLVYKVYYGNALDQA,nsp6,3716,1/17,120,No,No
LLFNKVTLADAGFIK,S,821,1/15,107,No,No
KAHFPREGVFVSNGT,S,1086,1/14,107,No,No
TLVKQLSSNFGAISS,S,961,1/14,93,No,No
GKIADYNYKLPDDFT,S (RBD),416,1/16,80,No,No
YNYKLPDDFTGCVIA,S (RBD),421,1/16,53,No,No
