,index,peptide,pos,name,alleles,core,Affinity,mean,median_rank,sars,229E,NL63,OC43,HKU1,total,gene
0,5355,VNRFNVAITRAKVGI,5881,GU280_gp01,8,FNVAITRAK,15.56,104.59,2085.0,0.85,0.85,0.85,0.85,0.85,4.23,ORF1ab
1,5772,YLRKHFSMMILSDDA,5139,GU280_gp01,8,LRKHFSMMI,27.29,238.58,1430.5,0.85,0.85,0.85,0.85,0.85,4.23,ORF1ab
2,3319,NFKSVLYYQNNVFMS,5172,GU280_gp01,8,LYYQNNVFM,43.94,239.68,1386.0,0.85,0.69,0.77,0.85,0.85,4.0,ORF1ab
3,3196,MNLKYAISAKNRART,4933,GU280_gp01,8,LKYAISAKN,19.05,85.51,1930.0,0.85,0.69,0.69,0.85,0.85,3.92,ORF1ab
4,3418,NLKYAISAKNRARTV,4934,GU280_gp01,8,YAISAKNRA,20.61,79.32,1536.5,0.85,0.69,0.69,0.85,0.85,3.92,ORF1ab
5,514,CTERLKLFAAETLKA,5449,GU280_gp01,8,LKLFAAETL,17.07,185.15,2703.5,0.85,0.69,0.69,0.85,0.77,3.85,ORF1ab
6,4178,RQFHQKLLKSIAATR,4960,GU280_gp01,8,QKLLKSIAA,11.4,131.27,2569.0,0.85,0.77,0.69,0.77,0.77,3.85,ORF1ab
7,4125,RIVYTACSHAAVDAL,5626,GU280_gp01,8,VYTACSHAA,35.33,293.39,2345.0,0.85,0.77,0.69,0.77,0.77,3.85,ORF1ab
8,3306,NEFYAYLRKHFSMMI,5134,GU280_gp01,8,YAYLRKHFS,11.18,75.09,1611.0,0.85,0.69,0.77,0.77,0.77,3.85,ORF1ab
9,5142,VEAEVQIDRLITGRL,986,GU280_gp02,5,VQIDRLITG,147.98,328.76,456.0,0.85,0.69,0.69,0.77,0.77,3.77,S
10,76,AEVQIDRLITGRLQS,988,GU280_gp02,8,IDRLITGRL,33.73,168.33,246.5,0.85,0.69,0.69,0.77,0.77,3.77,S
11,323,ATNYDLSVVNARLRA,5702,GU280_gp01,8,DLSVVNARL,39.07,128.52,1434.0,0.85,0.69,0.69,0.69,0.69,3.62,ORF1ab
12,5668,YDYYRYNLPTMCDIR,4844,GU280_gp01,8,YRYNLPTMC,12.11,288.7,1217.0,0.85,0.69,0.0,0.69,0.69,2.92,ORF1ab
13,4412,SIKNFKSVLYYQNNV,5169,GU280_gp01,8,IKNFKSVLY,99.58,332.04,761.5,0.77,0.0,0.69,0.69,0.69,2.85,ORF1ab
14,1603,GLHLLIGLAKRFKES,6698,GU280_gp01,8,LHLLIGLAK,11.37,162.41,2580.0,0.77,0.69,0.0,0.69,0.62,2.77,ORF1ab
15,4246,RWYFYYLGTGPEAGL,106,GU280_gp10,4,YYLGTGPEA,12.56,167.82,110.5,0.85,0.0,0.0,0.85,0.85,2.54,N
16,4200,RSMWSFNPETNILLN,106,GU280_gp05,5,FNPETNILL,62.31,383.33,42.0,0.85,0.0,0.0,0.77,0.77,2.38,M
17,4422,SKFPLKLRGTAVMSL,7045,GU280_gp01,8,PLKLRGTAV,14.55,317.57,2760.0,0.85,0.0,0.0,0.77,0.69,2.31,ORF1ab
18,4119,RIMASLVLARKHTTC,5022,GU280_gp01,8,IMASLVLAR,18.81,134.77,1861.5,0.85,0.0,0.0,0.77,0.69,2.31,ORF1ab
19,5616,WTAFVTNVNASSSEA,6987,GU280_gp01,8,FVTNVNASS,16.07,276.67,2236.0,0.85,0.0,0.0,0.69,0.77,2.31,ORF1ab
20,1476,GDAVVYRGTTTYKLN,5529,GU280_gp01,8,YRGTTTYKL,23.02,281.76,1232.5,0.85,0.0,0.0,0.69,0.69,2.23,ORF1ab
21,96,AFVNLKQLPFFYYSD,6359,GU280_gp01,8,FVNLKQLPF,61.4,383.38,1265.5,0.85,0.0,0.0,0.69,0.69,2.23,ORF1ab
22,1211,FIEDLLFNKVTLADA,816,GU280_gp02,6,LLFNKVTLA,53.77,209.02,457.0,0.85,0.0,0.0,0.69,0.69,2.23,S
23,768,DRLITGRLQSLQTYV,993,GU280_gp02,7,LITGRLQSL,63.28,479.22,794.0,0.85,0.69,0.69,0.0,0.0,2.23,S
24,1213,FIKGLNNLNRGMVLG,4229,GU280_gp01,8,FIKGLNNLN,24.68,171.3,2462.5,0.85,0.69,0.0,0.0,0.0,1.54,ORF1ab
25,3022,LSYFIASFRLFARTR,92,GU280_gp05,8,SYFIASFRL,13.58,87.57,50.5,0.77,0.77,0.0,0.0,0.0,1.54,M
26,4353,SFRLFARTRSMWSFN,98,GU280_gp05,8,FARTRSMWS,8.19,53.7,42.5,0.85,0.69,0.0,0.0,0.0,1.54,M
27,289,ASFRLFARTRSMWSF,97,GU280_gp05,8,FRLFARTRS,8.04,53.04,42.5,0.85,0.69,0.0,0.0,0.0,1.54,M
28,5700,YFVLTSHTVMPLSAP,5547,GU280_gp01,8,YFVLTSHTV,11.22,216.02,1596.5,0.85,0.0,0.69,0.0,0.0,1.54,ORF1ab
29,1785,HFAIGLALYYPSARI,5613,GU280_gp01,8,FAIGLALYY,34.76,361.23,2618.5,0.85,0.0,0.69,0.0,0.0,1.54,ORF1ab
30,193,ALNTLVKQLSSNFGA,957,GU280_gp02,8,VKQLSSNFG,17.25,291.43,255.0,0.85,0.0,0.0,0.69,0.0,1.54,S
31,2513,KVQHMVVKAALLADK,6235,GU280_gp01,8,HMVVKAALL,13.09,335.28,1539.0,0.77,0.0,0.69,0.0,0.0,1.46,ORF1ab
32,3482,NQKLIANQFNSAIGK,918,GU280_gp02,6,LIANQFNSA,53.87,253.87,560.0,0.77,0.0,0.0,0.69,0.0,1.46,S
33,5817,YQPYRVVVLSFELLH,504,GU280_gp02,7,YRVVVLSFE,73.43,434.77,277.0,0.85,0.0,0.0,0.0,0.0,0.85,S
34,3975,QQLIRAAEIRASANL,1009,GU280_gp02,8,LIRAAEIRA,28.08,158.8,436.0,0.85,0.0,0.0,0.0,0.0,0.85,S
35,255,AQALNTLVKQLSSNF,955,GU280_gp02,8,LVKQLSSNF,85.99,390.05,705.0,0.85,0.0,0.0,0.0,0.0,0.85,S
36,2295,KGIYQTSNFRVQPTE,309,GU280_gp02,8,IYQTSNFRV,38.61,151.14,348.0,0.85,0.0,0.0,0.0,0.0,0.85,S
37,260,AQKFNGLTVLPPLLT,851,GU280_gp02,7,FNGLTVLPP,8.29,107.37,781.0,0.85,0.0,0.0,0.0,0.0,0.85,S
38,5822,YRFNGIGVTQNVLYE,903,GU280_gp02,5,FNGIGVTQN,59.22,434.47,470.0,0.85,0.0,0.0,0.0,0.0,0.85,S
39,5833,YRVVVLSFELLHAPA,507,GU280_gp02,7,SFELLHAPA,80.09,345.73,942.0,0.85,0.0,0.0,0.0,0.0,0.85,S
40,2593,LCPFGEVFNATRFAS,334,GU280_gp02,5,VFNATRFAS,166.06,451.83,293.0,0.85,0.0,0.0,0.0,0.0,0.85,S
41,1582,GKGYHLMSFPQSAPH,1043,GU280_gp02,5,YHLMSFPQS,18.6,172.23,303.0,0.85,0.0,0.0,0.0,0.0,0.85,S
42,4468,SLQTYVTQQLIRAAE,1002,GU280_gp02,8,YVTQQLIRA,15.82,303.79,229.0,0.85,0.0,0.0,0.0,0.0,0.85,S
43,1190,FGAISSVLNDILSRL,969,GU280_gp02,5,FGAISSVLN,52.32,121.01,278.0,0.85,0.0,0.0,0.0,0.0,0.85,S
44,1303,FNKVTLADAGFIKQY,822,GU280_gp02,6,VTLADAGFI,51.04,290.56,733.0,0.85,0.0,0.0,0.0,0.0,0.85,S
45,3907,QIPFAMQMAYRFNGI,894,GU280_gp02,8,FAMQMAYRF,6.15,137.05,775.0,0.85,0.0,0.0,0.0,0.0,0.85,S
46,4720,TESIVRFPNITNLCP,322,GU280_gp02,6,IVRFPNITN,71.86,153.04,309.5,0.85,0.0,0.0,0.0,0.0,0.85,S
47,706,DLLFNKVTLADAGFI,819,GU280_gp02,6,FNKVTLADA,48.53,319.4,513.0,0.85,0.0,0.0,0.0,0.0,0.85,S
48,5015,TVATSRTLSYYKLGA,168,GU280_gp05,6,VATSRTLSY,84.92,365.94,109.5,0.85,0.0,0.0,0.0,0.0,0.85,M
49,2164,ITVATSRTLSYYKLG,167,GU280_gp05,8,ITVATSRTL,75.22,253.25,65.0,0.85,0.0,0.0,0.0,0.0,0.85,M
50,327,ATSRTLSYYKLGASQ,170,GU280_gp05,3,TSRTLSYYK,131.03,188.49,54.0,0.85,0.0,0.0,0.0,0.0,0.85,M
51,446,CFVLAAVYRINWITG,63,GU280_gp05,8,FVLAAVYRI,20.07,361.75,108.0,0.85,0.0,0.0,0.0,0.0,0.85,M
52,3024,LSYYKLGASQRVAGD,175,GU280_gp05,8,YKLGASQRV,5.05,318.35,123.0,0.85,0.0,0.0,0.0,0.0,0.85,M
53,375,AYANRNRFLYIIKLI,37,GU280_gp05,7,NRFLYIIKL,59.77,274.33,161.0,0.85,0.0,0.0,0.0,0.0,0.85,M
54,4975,TSRTLSYYKLGASQR,171,GU280_gp05,6,YYKLGASQR,36.93,195.35,70.5,0.85,0.0,0.0,0.0,0.0,0.85,M
55,3620,PETNILLNVPLHGTI,113,GU280_gp05,7,NILLNVPLH,31.41,119.25,55.0,0.85,0.0,0.0,0.0,0.0,0.85,M
56,5098,VATSRTLSYYKLGAS,169,GU280_gp05,4,SRTLSYYKL,108.25,185.27,50.0,0.85,0.0,0.0,0.0,0.0,0.85,M
57,2757,LKKLLEQWNLVIGFL,12,GU280_gp05,5,LLEQWNLVI,78.59,432.06,182.0,0.85,0.0,0.0,0.0,0.0,0.85,M
58,4041,RAAEIRASANLAATK,1013,GU280_gp02,7,IRASANLAA,20.9,129.26,631.0,0.85,0.0,0.0,0.0,0.0,0.85,S
59,33,AAYSRYRIGNYKLNT,193,GU280_gp05,5,YRIGNYKLN,95.63,250.24,53.0,0.85,0.0,0.0,0.0,0.0,0.85,M
60,2150,ITGRLQSLQTYVTQQ,996,GU280_gp02,6,LQSLQTYVT,11.77,197.83,241.0,0.85,0.0,0.0,0.0,0.0,0.85,S
61,3830,PYRVVVLSFELLHAP,506,GU280_gp02,7,RVVVLSFEL,100.67,373.45,296.0,0.85,0.0,0.0,0.0,0.0,0.85,S
62,2278,KFNGLTVLPPLLTDE,853,GU280_gp02,8,LTVLPPLLT,8.85,319.0,212.0,0.85,0.0,0.0,0.0,0.0,0.85,S
63,2579,LAWPLIVTALRANSA,4121,GU280_gp01,8,VTALRANSA,15.21,135.52,1757.5,0.85,0.0,0.0,0.0,0.0,0.85,ORF1ab
64,1095,EVVLKKLKKSLNVAK,3973,GU280_gp01,8,LKKLKKSLN,15.03,196.49,1748.5,0.85,0.0,0.0,0.0,0.0,0.85,ORF1ab
65,2800,LLILMTARTVYDDGA,3690,GU280_gp01,8,LILMTARTV,13.24,190.04,2027.5,0.85,0.0,0.0,0.0,0.0,0.85,ORF1ab
66,5302,VLQQLRVESSSKLWA,3874,GU280_gp01,8,LRVESSSKL,24.83,147.23,1565.5,0.85,0.0,0.0,0.0,0.0,0.85,ORF1ab
67,1205,FHLYLQYIRKLHDEL,5272,GU280_gp01,8,LYLQYIRKL,12.07,104.61,1554.5,0.85,0.0,0.0,0.0,0.0,0.85,ORF1ab
68,4389,SHFVNLDNLRANNTK,2518,GU280_gp01,8,FVNLDNLRA,9.45,104.47,1430.5,0.85,0.0,0.0,0.0,0.0,0.85,ORF1ab
69,63,ADVFHLYLQYIRKLH,5269,GU280_gp01,8,FHLYLQYIR,14.76,114.63,2043.0,0.85,0.0,0.0,0.0,0.0,0.85,ORF1ab
70,172,ALCTFLLNKEMYLKL,3178,GU280_gp01,8,FLLNKEMYL,21.61,123.79,2132.0,0.85,0.0,0.0,0.0,0.0,0.85,ORF1ab
71,4252,RYMSALNHTKKWKYP,1644,GU280_gp01,8,YMSALNHTK,20.96,160.11,2733.5,0.85,0.0,0.0,0.0,0.0,0.85,ORF1ab
72,1823,HLYLQYIRKLHDELT,5273,GU280_gp01,8,YLQYIRKLH,16.25,137.1,2732.0,0.85,0.0,0.0,0.0,0.0,0.85,ORF1ab
73,130,AIILASFSASTSAFV,473,GU280_gp01,8,ILASFSAST,11.36,207.88,950.0,0.85,0.0,0.0,0.0,0.0,0.85,ORF1ab
74,5843,YSLLMPILTLTRALT,4629,GU280_gp01,8,LMPILTLTR,24.34,99.09,2681.5,0.85,0.0,0.0,0.0,0.0,0.85,ORF1ab
75,5721,YIFWRNTNPIQLSSY,7025,GU280_gp01,8,FWRNTNPIQ,24.56,166.39,2586.5,0.85,0.0,0.0,0.0,0.0,0.85,ORF1ab
76,2858,LMPILTLTRALTAES,4632,GU280_gp01,8,LTLTRALTA,19.65,78.87,2122.5,0.85,0.0,0.0,0.0,0.0,0.85,ORF1ab
77,3562,NVQLRVIGHSMQNCV,3334,GU280_gp01,8,QLRVIGHSM,50.06,314.64,2520.0,0.85,0.0,0.0,0.0,0.0,0.85,ORF1ab
78,1631,GNICYTPSKLIEYTD,2892,GU280_gp01,8,ICYTPSKLI,35.03,126.23,1435.5,0.85,0.0,0.0,0.0,0.0,0.85,ORF1ab
79,4658,SYYSLLMPILTLTRA,4627,GU280_gp01,8,YSLLMPILT,25.28,333.51,2319.5,0.85,0.0,0.0,0.0,0.0,0.85,ORF1ab
80,3019,LSVLQQLRVESSSKL,3872,GU280_gp01,8,LQQLRVESS,23.85,174.11,2261.0,0.85,0.0,0.0,0.0,0.0,0.85,ORF1ab
81,2027,ILASFSASTSAFVET,475,GU280_gp01,8,FSASTSAFV,12.48,261.16,1287.0,0.85,0.0,0.0,0.0,0.0,0.85,ORF1ab
82,478,CMMCYKRNRATRVEC,2408,GU280_gp01,8,YKRNRATRV,11.6,71.3,1467.0,0.85,0.0,0.0,0.0,0.0,0.85,ORF1ab
83,3251,MYKGLPWNVVRIKIV,6077,GU280_gp01,8,YKGLPWNVV,28.03,347.71,2514.5,0.85,0.0,0.0,0.0,0.0,0.85,ORF1ab
84,4018,QVDLFRNARNGVLIT,6581,GU280_gp01,8,FRNARNGVL,15.83,89.02,1374.5,0.85,0.0,0.0,0.0,0.0,0.85,ORF1ab
85,211,AMMFVKHKHAFLCLF,3624,GU280_gp01,8,FVKHKHAFL,9.43,73.85,1895.0,0.85,0.0,0.0,0.0,0.0,0.85,ORF1ab
86,1872,HWPQIAQFAPSASAF,299,GU280_gp10,4,QIAQFAPSA,23.33,205.92,157.5,0.85,0.0,0.0,0.0,0.0,0.85,N
87,1568,GIIWVATEGALNTPK,128,GU280_gp10,4,WVATEGALN,24.03,235.22,145.0,0.85,0.0,0.0,0.0,0.0,0.85,N
88,3317,NFKDQVILLNKHIDA,344,GU280_gp10,8,QVILLNKHI,87.74,243.04,146.5,0.85,0.0,0.0,0.0,0.0,0.85,N
89,4514,SPDDQIGYYRRATRR,78,GU280_gp10,3,IGYYRRATR,120.04,403.06,100.0,0.85,0.0,0.0,0.0,0.0,0.85,N
90,4020,QVILLNKHIDAYKTF,348,GU280_gp10,7,ILLNKHIDA,67.73,246.07,222.0,0.85,0.0,0.0,0.0,0.0,0.85,N
91,4673,TASWFTALTQHGKED,48,GU280_gp10,3,WFTALTQHG,27.05,90.11,63.0,0.85,0.0,0.0,0.0,0.0,0.85,N
92,281,ASAFFGMSRIGMEVT,310,GU280_gp10,4,FFGMSRIGM,69.64,268.22,238.0,0.85,0.0,0.0,0.0,0.0,0.85,N
93,5606,WPQIAQFAPSASAFF,300,GU280_gp10,6,IAQFAPSAS,16.67,178.74,220.0,0.85,0.0,0.0,0.0,0.0,0.85,N
94,3755,PQIAQFAPSASAFFG,301,GU280_gp10,6,FAPSASAFF,18.62,208.72,235.0,0.85,0.0,0.0,0.0,0.0,0.85,N
95,3259,NAAIVLQLPQGTTLP,153,GU280_gp10,5,IVLQLPQGT,18.12,237.29,188.0,0.85,0.0,0.0,0.0,0.0,0.85,N
96,593,DDQIGYYRRATRRIR,80,GU280_gp10,8,YYRRATRRI,11.01,118.73,185.5,0.85,0.0,0.0,0.0,0.0,0.85,N
97,167,ALALLLLDRLNQLES,217,GU280_gp10,5,LLLDRLNQL,64.23,186.28,224.0,0.85,0.0,0.0,0.0,0.0,0.85,N
98,1286,FMGRIRSVYPVASPN,295,GU280_gp01,8,IRSVYPVAS,24.17,302.36,1426.5,0.85,0.0,0.0,0.0,0.0,0.85,ORF1ab
99,5493,VVLKKLKKSLNVAKS,3974,GU280_gp01,8,LKKSLNVAK,16.8,179.0,1796.0,0.85,0.0,0.0,0.0,0.0,0.85,ORF1ab
100,2241,KDGIIWVATEGALNT,126,GU280_gp10,6,IIWVATEGA,25.03,400.21,133.5,0.77,0.0,0.0,0.0,0.0,0.77,N
101,32,AAVYRINWITGGIAI,67,GU280_gp05,6,INWITGGIA,44.57,163.76,58.0,0.77,0.0,0.0,0.0,0.0,0.77,M
102,3876,QFAYANRNRFLYIIK,35,GU280_gp05,8,AYANRNRFL,38.05,147.92,139.5,0.77,0.0,0.0,0.0,0.0,0.77,M
103,3374,NILLNVPLHGTILTR,116,GU280_gp05,7,NVPLHGTIL,31.75,164.18,79.0,0.77,0.0,0.0,0.0,0.0,0.77,M
104,5229,VIGAVILRGHLRIAG,138,GU280_gp05,7,AVILRGHLR,25.83,122.02,99.0,0.77,0.0,0.0,0.0,0.0,0.77,M
105,4368,SGFAAYSRYRIGNYK,190,GU280_gp05,7,FAAYSRYRI,34.51,321.61,144.0,0.77,0.0,0.0,0.0,0.0,0.77,M
106,754,DPNFKDQVILLNKHI,342,GU280_gp10,6,NFKDQVILL,169.81,335.07,193.5,0.77,0.0,0.0,0.0,0.0,0.77,N
107,1041,ESELVIGAVILRGHL,134,GU280_gp05,4,LVIGAVILR,117.04,432.73,106.0,0.77,0.0,0.0,0.0,0.0,0.77,M
108,3072,LVGLMWLSYFIASFR,86,GU280_gp05,3,LSYFIASFR,72.73,117.73,33.0,0.77,0.0,0.0,0.0,0.0,0.77,M
109,1067,ETNILLNVPLHGTIL,114,GU280_gp05,8,ILLNVPLHG,22.65,101.66,39.5,0.77,0.0,0.0,0.0,0.0,0.77,M
110,1701,GTWLTYTGAIKLDDK,327,GU280_gp10,7,LTYTGAIKL,17.3,388.62,134.0,0.77,0.0,0.0,0.0,0.0,0.77,N
111,2827,LLQFAYANRNRFLYI,33,GU280_gp05,8,LQFAYANRN,15.7,44.01,99.5,0.77,0.0,0.0,0.0,0.0,0.77,M
112,2350,KKQQTVTLLPAADLD,386,GU280_gp10,4,VTLLPAADL,13.29,295.98,171.5,0.77,0.0,0.0,0.0,0.0,0.77,N
113,4675,TATKAYNVTQAFGRR,262,GU280_gp10,5,YNVTQAFGR,86.09,224.97,218.0,0.77,0.0,0.0,0.0,0.0,0.77,N
114,5269,VLAAVYRINWITGGI,65,GU280_gp05,3,YRINWITGG,229.75,394.88,108.0,0.77,0.0,0.0,0.0,0.0,0.77,M
115,5829,YRRATRRIRGGDGKM,86,GU280_gp10,3,YRRATRRIR,71.84,380.58,336.0,0.77,0.0,0.0,0.0,0.0,0.77,N
116,728,DMILSLLSKGRLIIR,7066,GU280_gp01,8,SLLSKGRLI,12.18,73.62,2527.0,0.77,0.0,0.0,0.0,0.0,0.77,ORF1ab
117,1124,FAVHFISNSWLMWLI,2353,GU280_gp01,8,HFISNSWLM,21.91,153.82,2173.5,0.77,0.0,0.0,0.0,0.0,0.77,ORF1ab
118,2131,ISMWALIISVTSNYS,3730,GU280_gp01,8,WALIISVTS,24.7,162.38,2319.5,0.77,0.0,0.0,0.0,0.0,0.77,ORF1ab
119,5682,YFAVHFISNSWLMWL,2352,GU280_gp01,8,VHFISNSWL,20.1,155.37,1983.5,0.77,0.0,0.0,0.0,0.0,0.77,ORF1ab
120,3417,NLKTLLSLREVRTIK,1554,GU280_gp01,8,LLSLREVRT,19.31,122.97,2171.0,0.77,0.0,0.0,0.0,0.0,0.77,ORF1ab
121,1409,FVMMSAPPAQYELKH,1803,GU280_gp01,8,FVMMSAPPA,4.23,199.47,2154.0,0.77,0.0,0.0,0.0,0.0,0.77,ORF1ab
122,4238,RVVVLSFELLHAPAT,508,GU280_gp02,6,FELLHAPAT,11.85,382.07,407.5,0.77,0.0,0.0,0.0,0.0,0.77,S
123,4536,SQSIIAYTMSLGAEN,688,GU280_gp02,6,IAYTMSLGA,21.88,136.96,304.5,0.77,0.0,0.0,0.0,0.0,0.77,S
124,523,CTQLNRALTGIAVEQ,759,GU280_gp02,6,NRALTGIAV,17.19,196.62,334.0,0.77,0.0,0.0,0.0,0.0,0.77,S
125,2969,LREFVFKNIDGYFKI,188,GU280_gp02,6,FVFKNIDGY,145.26,274.36,398.0,0.77,0.0,0.0,0.0,0.0,0.77,S
126,4335,SFCTQLNRALTGIAV,757,GU280_gp02,8,FCTQLNRAL,13.96,266.18,388.5,0.77,0.0,0.0,0.0,0.0,0.77,S
127,4920,TQEVFAQVKQIYKTP,777,GU280_gp02,6,VFAQVKQIY,87.86,236.8,571.5,0.77,0.0,0.0,0.0,0.0,0.77,S
128,4406,SIIAYTMSLGAENSV,690,GU280_gp02,6,YTMSLGAEN,10.17,148.44,574.5,0.77,0.0,0.0,0.0,0.0,0.77,S
129,2588,LCFTNVYADSFVIRG,389,GU280_gp02,6,FTNVYADSF,98.49,274.28,698.5,0.77,0.0,0.0,0.0,0.0,0.77,S
130,843,DYSVLYNSASFSTFK,363,GU280_gp02,8,YSVLYNSAS,16.58,202.92,290.0,0.77,0.0,0.0,0.0,0.0,0.77,S
131,4068,REFVFKNIDGYFKIY,189,GU280_gp02,6,VFKNIDGYF,119.75,226.66,265.5,0.77,0.0,0.0,0.0,0.0,0.77,S
132,5718,YICGFIQQKLALGGS,6949,GU280_gp01,8,FIQQKLALG,12.19,332.08,1149.0,0.77,0.0,0.0,0.0,0.0,0.77,ORF1ab
133,499,CRKVQHMVVKAALLA,6233,GU280_gp01,8,VQHMVVKAA,10.38,273.82,2586.5,0.77,0.0,0.0,0.0,0.0,0.77,ORF1ab
134,408,CALILAYCNKTVGEL,1710,GU280_gp01,8,ILAYCNKTV,96.57,308.3,1601.0,0.77,0.0,0.0,0.0,0.0,0.77,ORF1ab
135,2633,LEEAARYMRSLKVPA,1458,GU280_gp01,8,ARYMRSLKV,9.7,106.14,2460.5,0.77,0.0,0.0,0.0,0.0,0.77,ORF1ab
136,2946,LQLCTFTRSTNSRIK,2176,GU280_gp01,8,FTRSTNSRI,13.86,84.67,2120.5,0.77,0.0,0.0,0.0,0.0,0.77,ORF1ab
137,3298,NDMILSLLSKGRLII,7065,GU280_gp01,8,ILSLLSKGR,11.99,69.67,2124.0,0.69,0.0,0.0,0.0,0.0,0.69,ORF1ab
138,4025,QVVNVVTTKIALKGG,2748,GU280_gp01,8,VVNVVTTKI,71.94,232.99,2195.5,0.69,0.0,0.0,0.0,0.0,0.69,ORF1ab
139,2313,KHFYWFFSNYLKRRV,3150,GU280_gp01,8,YWFFSNYLK,14.96,73.39,1577.5,0.69,0.0,0.0,0.0,0.0,0.69,ORF1ab
140,4538,SQYSLRLIDAMMFTS,573,GU280_gp01,8,LRLIDAMMF,14.64,116.85,1429.0,0.69,0.0,0.0,0.0,0.0,0.69,ORF1ab
141,4818,TKHFYWFFSNYLKRR,3149,GU280_gp01,8,FYWFFSNYL,19.0,108.72,2200.5,0.69,0.0,0.0,0.0,0.0,0.69,ORF1ab
142,4450,SLETIQITISSFKWD,2302,GU280_gp01,8,TIQITISSF,74.58,219.86,1974.0,0.69,0.0,0.0,0.0,0.0,0.69,ORF1ab
143,1152,FDNLKTLLSLREVRT,1552,GU280_gp01,8,LKTLLSLRE,19.37,129.16,2371.0,0.69,0.0,0.0,0.0,0.0,0.69,ORF1ab
144,2581,LAYYFMRFRRAFGEY,3059,GU280_gp01,8,YYFMRFRRA,6.64,91.99,2510.0,0.69,0.0,0.0,0.0,0.0,0.69,ORF1ab
145,4624,SVRVLQKAAITILDG,557,GU280_gp01,8,VLQKAAITI,21.31,276.04,2438.0,0.69,0.0,0.0,0.0,0.0,0.69,ORF1ab
146,2973,LRGHLRIAGHHLGRC,144,GU280_gp05,7,HLRIAGHHL,17.12,182.79,72.0,0.69,0.0,0.0,0.0,0.0,0.69,M
147,1800,HGTILTRPLLESELV,124,GU280_gp05,3,ILTRPLLES,126.1,719.18,33.0,0.69,0.0,0.0,0.0,0.0,0.69,M
148,305,ASVYAWNRKRISNCV,347,GU280_gp02,6,VYAWNRKRI,37.18,144.23,467.5,0.69,0.0,0.0,0.0,0.0,0.69,S
149,1076,EVFNATRFASVYAWN,339,GU280_gp02,8,FNATRFASV,53.24,324.26,432.5,0.69,0.0,0.0,0.0,0.0,0.69,S
150,932,EGVFVSNGTHWFVTQ,1091,GU280_gp02,6,FVSNGTHWF,92.6,376.79,523.5,0.69,0.0,0.0,0.0,0.0,0.69,S
151,2661,LFLPFFSNVTWFHAI,53,GU280_gp02,8,FLPFFSNVT,38.85,251.46,807.0,0.69,0.0,0.0,0.0,0.0,0.69,S
152,4690,TDEMIAQYTSALLAG,865,GU280_gp02,6,MIAQYTSAL,19.69,301.05,198.0,0.69,0.0,0.0,0.0,0.0,0.69,S
153,1638,GNYNYLYRLFRKSNL,446,GU280_gp02,8,YLYRLFRKS,10.63,183.12,799.5,0.69,0.0,0.0,0.0,0.0,0.69,S
154,2365,KLIANQFNSAIGKIQ,920,GU280_gp02,6,IANQFNSAI,42.66,342.46,254.5,0.69,0.0,0.0,0.0,0.0,0.69,S
155,1683,GTHWFVTQRNFYEPQ,1098,GU280_gp02,5,WFVTQRNFY,111.83,358.03,457.0,0.69,0.0,0.0,0.0,0.0,0.69,S
156,4618,SVLYNSASFSTFKCY,365,GU280_gp02,6,VLYNSASFS,49.33,400.02,460.0,0.69,0.0,0.0,0.0,0.0,0.69,S
157,2906,LPFFSNVTWFHAIHV,55,GU280_gp02,8,FFSNVTWFH,44.89,219.66,754.5,0.69,0.0,0.0,0.0,0.0,0.69,S
158,2704,LHGTILTRPLLESEL,123,GU280_gp05,7,GTILTRPLL,81.38,399.32,96.0,0.69,0.0,0.0,0.0,0.0,0.69,M
159,5369,VPLHGTILTRPLLES,121,GU280_gp05,8,HGTILTRPL,70.88,397.28,164.5,0.69,0.0,0.0,0.0,0.0,0.69,M
160,1279,FLTWICLLQFAYANR,27,GU280_gp05,4,CLLQFAYAN,90.52,338.04,143.5,0.69,0.0,0.0,0.0,0.0,0.69,M
161,5209,VGGNYNYLYRLFRKS,444,GU280_gp02,8,YNYLYRLFR,15.21,219.06,876.5,0.69,0.0,0.0,0.0,0.0,0.69,S
