Year, Month, Day,     Extent,    Missing, Source Data
YYYY,    MM,  DD, 10^6 sq km, 10^6 sq km, Source data product web site: http://nsidc.org/data/nsidc-0081.html
2016,    01,  01,      6.850,      0.001, ftp://sidads.colorado.edu/pub/DATASETS/nsidc0081_nrt_nasateam_seaice/south/nt_20160101_f17_nrt_s.bin
2016,    01,  02,      6.673,      0.000, ftp://sidads.colorado.edu/pub/DATASETS/nsidc0081_nrt_nasateam_seaice/south/nt_20160102_f17_nrt_s.bin
2016,    01,  03,      6.517,      0.000, ftp://sidads.colorado.edu/pub/DATASETS/nsidc0081_nrt_nasateam_seaice/south/nt_20160103_f17_nrt_s.bin
2016,    01,  04,      6.395,      0.000, ftp://sidads.colorado.edu/pub/DATASETS/nsidc0081_nrt_nasateam_seaice/south/nt_20160104_f17_nrt_s.bin
2016,    01,  05,      6.195,      0.000, ftp://sidads.colorado.edu/pub/DATASETS/nsidc0081_nrt_nasateam_seaice/south/nt_20160105_f17_nrt_s.bin
2016,    01,  06,      5.953,      0.000, ftp://sidads.colorado.edu/pub/DATASETS/nsidc0081_nrt_nasateam_seaice/south/nt_20160106_f17_nrt_s.bin
2016,    01,  07,      5.806,      0.000, ftp://sidads.colorado.edu/pub/DATASETS/nsidc0081_nrt_nasateam_seaice/south/nt_20160107_f17_nrt_s.bin
2016,    01,  08,      5.671,      0.000, ftp://sidads.colorado.edu/pub/DATASETS/nsidc0081_nrt_nasateam_seaice/south/nt_20160108_f17_nrt_s.bin
2016,    01,  09,      5.621,      0.000, ftp://sidads.colorado.edu/pub/DATASETS/nsidc0081_nrt_nasateam_seaice/south/nt_20160109_f17_nrt_s.bin
2016,    01,  10,      5.381,      0.000, ftp://sidads.colorado.edu/pub/DATASETS/nsidc0081_nrt_nasateam_seaice/south/nt_20160110_f17_nrt_s.bin
2016,    01,  11,      5.192,      0.000, ftp://sidads.colorado.edu/pub/DATASETS/nsidc0081_nrt_nasateam_seaice/south/nt_20160111_f17_nrt_s.bin
2016,    01,  12,      5.153,      0.000, ftp://sidads.colorado.edu/pub/DATASETS/nsidc0081_nrt_nasateam_seaice/south/nt_20160112_f17_nrt_s.bin
2016,    01,  13,      5.017,      0.000, ftp://sidads.colorado.edu/pub/DATASETS/nsidc0081_nrt_nasateam_seaice/south/nt_20160113_f17_nrt_s.bin
2016,    01,  14,      4.703,      0.000, ftp://sidads.colorado.edu/pub/DATASETS/nsidc0081_nrt_nasateam_seaice/south/nt_20160114_f17_nrt_s.bin
2016,    01,  15,      4.561,      0.000, ftp://sidads.colorado.edu/pub/DATASETS/nsidc0081_nrt_nasateam_seaice/south/nt_20160115_f17_nrt_s.bin
2016,    01,  16,      4.434,      0.000, ftp://sidads.colorado.edu/pub/DATASETS/nsidc0081_nrt_nasateam_seaice/south/nt_20160116_f17_nrt_s.bin
2016,    01,  17,      4.265,      0.000, ftp://sidads.colorado.edu/pub/DATASETS/nsidc0081_nrt_nasateam_seaice/south/nt_20160117_f17_nrt_s.bin
2016,    01,  18,      4.140,      0.000, ftp://sidads.colorado.edu/pub/DATASETS/nsidc0081_nrt_nasateam_seaice/south/nt_20160118_f17_nrt_s.bin
2016,    01,  19,      4.003,      0.000, ftp://sidads.colorado.edu/pub/DATASETS/nsidc0081_nrt_nasateam_seaice/south/nt_20160119_f17_nrt_s.bin
2016,    01,  20,      3.913,      0.000, ftp://sidads.colorado.edu/pub/DATASETS/nsidc0081_nrt_nasateam_seaice/south/nt_20160120_f17_nrt_s.bin
2016,    01,  21,      3.937,      0.000, ftp://sidads.colorado.edu/pub/DATASETS/nsidc0081_nrt_nasateam_seaice/south/nt_20160121_f17_nrt_s.bin
2016,    01,  22,      3.719,      0.000, ftp://sidads.colorado.edu/pub/DATASETS/nsidc0081_nrt_nasateam_seaice/south/nt_20160122_f17_nrt_s.bin
2016,    01,  23,      3.645,      0.000, ftp://sidads.colorado.edu/pub/DATASETS/nsidc0081_nrt_nasateam_seaice/south/nt_20160123_f17_nrt_s.bin
2016,    01,  24,      3.585,      0.000, ftp://sidads.colorado.edu/pub/DATASETS/nsidc0081_nrt_nasateam_seaice/south/nt_20160124_f17_nrt_s.bin
2016,    01,  25,      3.562,      0.000, ftp://sidads.colorado.edu/pub/DATASETS/nsidc0081_nrt_nasateam_seaice/south/nt_20160125_f17_nrt_s.bin
2016,    01,  26,      3.514,      0.000, ftp://sidads.colorado.edu/pub/DATASETS/nsidc0081_nrt_nasateam_seaice/south/nt_20160126_f17_nrt_s.bin
2016,    01,  27,      3.408,      0.000, ftp://sidads.colorado.edu/pub/DATASETS/nsidc0081_nrt_nasateam_seaice/south/nt_20160127_f17_nrt_s.bin
2016,    01,  28,      3.374,      0.000, ftp://sidads.colorado.edu/pub/DATASETS/nsidc0081_nrt_nasateam_seaice/south/nt_20160128_f17_nrt_s.bin
2016,    01,  29,      3.406,      0.000, ftp://sidads.colorado.edu/pub/DATASETS/nsidc0081_nrt_nasateam_seaice/south/nt_20160129_f17_nrt_s.bin
2016,    01,  30,      3.282,      0.000, ftp://sidads.colorado.edu/pub/DATASETS/nsidc0081_nrt_nasateam_seaice/south/nt_20160130_f17_nrt_s.bin
2016,    01,  31,      3.213,      0.000, ftp://sidads.colorado.edu/pub/DATASETS/nsidc0081_nrt_nasateam_seaice/south/nt_20160131_f17_nrt_s.bin
2016,    02,  01,      3.178,      0.000, ftp://sidads.colorado.edu/pub/DATASETS/nsidc0081_nrt_nasateam_seaice/south/nt_20160201_f17_nrt_s.bin
2016,    02,  02,      3.097,      0.000, ftp://sidads.colorado.edu/pub/DATASETS/nsidc0081_nrt_nasateam_seaice/south/nt_20160202_f17_nrt_s.bin
2016,    02,  03,      3.051,      0.000, ftp://sidads.colorado.edu/pub/DATASETS/nsidc0081_nrt_nasateam_seaice/south/nt_20160203_f17_nrt_s.bin
2016,    02,  04,      2.964,      0.000, ftp://sidads.colorado.edu/pub/DATASETS/nsidc0081_nrt_nasateam_seaice/south/nt_20160204_f17_nrt_s.bin
2016,    02,  05,      2.925,      0.000, ftp://sidads.colorado.edu/pub/DATASETS/nsidc0081_nrt_nasateam_seaice/south/nt_20160205_f17_nrt_s.bin
2016,    02,  06,      2.892,      0.000, ftp://sidads.colorado.edu/pub/DATASETS/nsidc0081_nrt_nasateam_seaice/south/nt_20160206_f17_nrt_s.bin
2016,    02,  07,      2.903,      0.000, ftp://sidads.colorado.edu/pub/DATASETS/nsidc0081_nrt_nasateam_seaice/south/nt_20160207_f17_nrt_s.bin
2016,    02,  08,      2.816,      0.000, ftp://sidads.colorado.edu/pub/DATASETS/nsidc0081_nrt_nasateam_seaice/south/nt_20160208_f17_nrt_s.bin
2016,    02,  09,      2.773,      0.000, ftp://sidads.colorado.edu/pub/DATASETS/nsidc0081_nrt_nasateam_seaice/south/nt_20160209_f17_nrt_s.bin
2016,    02,  10,      2.752,      0.000, ftp://sidads.colorado.edu/pub/DATASETS/nsidc0081_nrt_nasateam_seaice/south/nt_20160210_f17_nrt_s.bin
2016,    02,  11,      2.746,      0.000, ftp://sidads.colorado.edu/pub/DATASETS/nsidc0081_nrt_nasateam_seaice/south/nt_20160211_f17_nrt_s.bin
2016,    02,  12,      2.726,      0.000, ftp://sidads.colorado.edu/pub/DATASETS/nsidc0081_nrt_nasateam_seaice/south/nt_20160212_f17_nrt_s.bin
2016,    02,  13,      2.722,      0.000, ftp://sidads.colorado.edu/pub/DATASETS/nsidc0081_nrt_nasateam_seaice/south/nt_20160213_f17_nrt_s.bin
2016,    02,  14,      2.644,      0.000, ftp://sidads.colorado.edu/pub/DATASETS/nsidc0081_nrt_nasateam_seaice/south/nt_20160214_f17_nrt_s.bin
2016,    02,  15,      2.593,      0.000, ftp://sidads.colorado.edu/pub/DATASETS/nsidc0081_nrt_nasateam_seaice/south/nt_20160215_f17_nrt_s.bin
2016,    02,  16,      2.612,      0.000, ftp://sidads.colorado.edu/pub/DATASETS/nsidc0081_nrt_nasateam_seaice/south/nt_20160216_f17_nrt_s.bin
2016,    02,  17,      2.578,      0.000, ftp://sidads.colorado.edu/pub/DATASETS/nsidc0081_nrt_nasateam_seaice/south/nt_20160217_f17_nrt_s.bin
2016,    02,  18,      2.607,      0.000, ftp://sidads.colorado.edu/pub/DATASETS/nsidc0081_nrt_nasateam_seaice/south/nt_20160218_f17_nrt_s.bin
2016,    02,  19,      2.624,      0.000, ftp://sidads.colorado.edu/pub/DATASETS/nsidc0081_nrt_nasateam_seaice/south/nt_20160219_f17_nrt_s.bin
2016,    02,  20,      2.700,      0.000, ftp://sidads.colorado.edu/pub/DATASETS/nsidc0081_nrt_nasateam_seaice/south/nt_20160220_f17_nrt_s.bin
2016,    02,  21,      2.743,      0.000, ftp://sidads.colorado.edu/pub/DATASETS/nsidc0081_nrt_nasateam_seaice/south/nt_20160221_f17_nrt_s.bin
2016,    02,  22,      2.724,      0.000, ftp://sidads.colorado.edu/pub/DATASETS/nsidc0081_nrt_nasateam_seaice/south/nt_20160222_f17_nrt_s.bin
2016,    02,  23,      2.759,      0.000, ftp://sidads.colorado.edu/pub/DATASETS/nsidc0081_nrt_nasateam_seaice/south/nt_20160223_f17_nrt_s.bin
2016,    02,  24,      2.735,      0.000, ftp://sidads.colorado.edu/pub/DATASETS/nsidc0081_nrt_nasateam_seaice/south/nt_20160224_f17_nrt_s.bin
2016,    02,  25,      2.736,      0.000, ftp://sidads.colorado.edu/pub/DATASETS/nsidc0081_nrt_nasateam_seaice/south/nt_20160225_f17_nrt_s.bin
2016,    02,  26,      2.732,      0.000, ftp://sidads.colorado.edu/pub/DATASETS/nsidc0081_nrt_nasateam_seaice/south/nt_20160226_f17_nrt_s.bin
2016,    02,  27,      2.735,      0.000, ftp://sidads.colorado.edu/pub/DATASETS/nsidc0081_nrt_nasateam_seaice/south/nt_20160227_f17_nrt_s.bin
2016,    02,  28,      2.748,      0.000, ftp://sidads.colorado.edu/pub/DATASETS/nsidc0081_nrt_nasateam_seaice/south/nt_20160228_f17_nrt_s.bin
2016,    02,  29,      2.777,      0.000, ftp://sidads.colorado.edu/pub/DATASETS/nsidc0081_nrt_nasateam_seaice/south/nt_20160229_f17_nrt_s.bin
2016,    03,  01,      2.839,      0.000, ftp://sidads.colorado.edu/pub/DATASETS/nsidc0081_nrt_nasateam_seaice/south/nt_20160301_f17_nrt_s.bin
2016,    03,  02,      2.864,      0.000, ftp://sidads.colorado.edu/pub/DATASETS/nsidc0081_nrt_nasateam_seaice/south/nt_20160302_f17_nrt_s.bin
2016,    03,  03,      2.918,      0.000, ftp://sidads.colorado.edu/pub/DATASETS/nsidc0081_nrt_nasateam_seaice/south/nt_20160303_f17_nrt_s.bin
2016,    03,  04,      2.951,      0.000, ftp://sidads.colorado.edu/pub/DATASETS/nsidc0081_nrt_nasateam_seaice/south/nt_20160304_f17_nrt_s.bin
2016,    03,  05,      2.995,      0.000, ftp://sidads.colorado.edu/pub/DATASETS/nsidc0081_nrt_nasateam_seaice/south/nt_20160305_f17_nrt_s.bin
2016,    03,  06,      3.033,      0.000, ftp://sidads.colorado.edu/pub/DATASETS/nsidc0081_nrt_nasateam_seaice/south/nt_20160306_f17_nrt_s.bin
2016,    03,  07,      3.097,      0.000, ftp://sidads.colorado.edu/pub/DATASETS/nsidc0081_nrt_nasateam_seaice/south/nt_20160307_f17_nrt_s.bin
2016,    03,  08,      3.151,      0.000, ftp://sidads.colorado.edu/pub/DATASETS/nsidc0081_nrt_nasateam_seaice/south/nt_20160308_f17_nrt_s.bin
2016,    03,  09,      3.245,      0.000, ftp://sidads.colorado.edu/pub/DATASETS/nsidc0081_nrt_nasateam_seaice/south/nt_20160309_f17_nrt_s.bin
2016,    03,  10,      3.281,      0.000, ftp://sidads.colorado.edu/pub/DATASETS/nsidc0081_nrt_nasateam_seaice/south/nt_20160310_f17_nrt_s.bin
2016,    03,  11,      3.356,      0.000, ftp://sidads.colorado.edu/pub/DATASETS/nsidc0081_nrt_nasateam_seaice/south/nt_20160311_f17_nrt_s.bin
2016,    03,  12,      3.508,      0.000, ftp://sidads.colorado.edu/pub/DATASETS/nsidc0081_nrt_nasateam_seaice/south/nt_20160312_f17_nrt_s.bin
2016,    03,  13,      3.582,      0.000, ftp://sidads.colorado.edu/pub/DATASETS/nsidc0081_nrt_nasateam_seaice/south/nt_20160313_f17_nrt_s.bin
2016,    03,  14,      3.677,      0.000, ftp://sidads.colorado.edu/pub/DATASETS/nsidc0081_nrt_nasateam_seaice/south/nt_20160314_f17_nrt_s.bin
2016,    03,  15,      3.815,      0.000, ftp://sidads.colorado.edu/pub/DATASETS/nsidc0081_nrt_nasateam_seaice/south/nt_20160315_f17_nrt_s.bin
2016,    03,  16,      3.946,      0.000, ftp://sidads.colorado.edu/pub/DATASETS/nsidc0081_nrt_nasateam_seaice/south/nt_20160316_f17_nrt_s.bin
2016,    03,  17,      4.048,      0.000, ftp://sidads.colorado.edu/pub/DATASETS/nsidc0081_nrt_nasateam_seaice/south/nt_20160317_f17_nrt_s.bin
2016,    03,  18,      4.191,      0.000, ftp://sidads.colorado.edu/pub/DATASETS/nsidc0081_nrt_nasateam_seaice/south/nt_20160318_f17_nrt_s.bin
2016,    03,  19,      4.289,      0.000, ftp://sidads.colorado.edu/pub/DATASETS/nsidc0081_nrt_nasateam_seaice/south/nt_20160319_f17_nrt_s.bin
2016,    03,  20,      4.404,      0.000, ftp://sidads.colorado.edu/pub/DATASETS/nsidc0081_nrt_nasateam_seaice/south/nt_20160320_f17_nrt_s.bin
2016,    03,  21,      4.482,      0.000, ftp://sidads.colorado.edu/pub/DATASETS/nsidc0081_nrt_nasateam_seaice/south/nt_20160321_f17_nrt_s.bin
2016,    03,  22,      4.701,      0.000, ftp://sidads.colorado.edu/pub/DATASETS/nsidc0081_nrt_nasateam_seaice/south/nt_20160322_f17_nrt_s.bin
2016,    03,  23,      4.856,      0.000, ftp://sidads.colorado.edu/pub/DATASETS/nsidc0081_nrt_nasateam_seaice/south/nt_20160323_f17_nrt_s.bin
2016,    03,  24,      5.002,      0.000, ftp://sidads.colorado.edu/pub/DATASETS/nsidc0081_nrt_nasateam_seaice/south/nt_20160324_f17_nrt_s.bin
2016,    03,  25,      5.134,      0.000, ftp://sidads.colorado.edu/pub/DATASETS/nsidc0081_nrt_nasateam_seaice/south/nt_20160325_f17_nrt_s.bin
2016,    03,  26,      5.201,      0.000, ftp://sidads.colorado.edu/pub/DATASETS/nsidc0081_nrt_nasateam_seaice/south/nt_20160326_f17_nrt_s.bin
2016,    03,  27,      5.341,      0.000, ftp://sidads.colorado.edu/pub/DATASETS/nsidc0081_nrt_nasateam_seaice/south/nt_20160327_f17_nrt_s.bin
2016,    03,  28,      5.439,      0.000, ftp://sidads.colorado.edu/pub/DATASETS/nsidc0081_nrt_nasateam_seaice/south/nt_20160328_f17_nrt_s.bin
2016,    03,  29,      5.535,      0.000, ftp://sidads.colorado.edu/pub/DATASETS/nsidc0081_nrt_nasateam_seaice/south/nt_20160329_f17_nrt_s.bin
2016,    03,  30,      5.638,      0.000, ftp://sidads.colorado.edu/pub/DATASETS/nsidc0081_nrt_nasateam_seaice/south/nt_20160330_f17_nrt_s.bin
2016,    03,  31,      5.741,      0.000, ftp://sidads.colorado.edu/pub/DATASETS/nsidc0081_nrt_nasateam_seaice/south/nt_20160331_f17_nrt_s.bin
2016,    04,  01,      5.759,      0.000, ftp://sidads.colorado.edu/pub/DATASETS/nsidc0081_nrt_nasateam_seaice/south/nt_20160401_f18_nrt_s.bin
2016,    04,  02,      5.884,      0.000, ftp://sidads.colorado.edu/pub/DATASETS/nsidc0081_nrt_nasateam_seaice/south/nt_20160402_f18_nrt_s.bin
2016,    04,  03,      5.981,      0.000, ftp://sidads.colorado.edu/pub/DATASETS/nsidc0081_nrt_nasateam_seaice/south/nt_20160403_f18_nrt_s.bin
2016,    04,  04,      6.064,      0.000, ftp://sidads.colorado.edu/pub/DATASETS/nsidc0081_nrt_nasateam_seaice/south/nt_20160404_f18_nrt_s.bin
2016,    04,  05,      6.182,      0.000, ftp://sidads.colorado.edu/pub/DATASETS/nsidc0081_nrt_nasateam_seaice/south/nt_20160405_f18_nrt_s.bin
2016,    04,  06,      6.285,      0.000, ftp://sidads.colorado.edu/pub/DATASETS/nsidc0081_nrt_nasateam_seaice/south/nt_20160406_f18_nrt_s.bin
2016,    04,  07,      6.335,      0.000, ftp://sidads.colorado.edu/pub/DATASETS/nsidc0081_nrt_nasateam_seaice/south/nt_20160407_f18_nrt_s.bin
2016,    04,  08,      6.408,      0.000, ftp://sidads.colorado.edu/pub/DATASETS/nsidc0081_nrt_nasateam_seaice/south/nt_20160408_f18_nrt_s.bin
2016,    04,  09,      6.488,      0.000, ftp://sidads.colorado.edu/pub/DATASETS/nsidc0081_nrt_nasateam_seaice/south/nt_20160409_f18_nrt_s.bin
2016,    04,  10,      6.546,      0.000, ftp://sidads.colorado.edu/pub/DATASETS/nsidc0081_nrt_nasateam_seaice/south/nt_20160410_f18_nrt_s.bin
2016,    04,  11,      6.605,      0.000, ftp://sidads.colorado.edu/pub/DATASETS/nsidc0081_nrt_nasateam_seaice/south/nt_20160411_f18_nrt_s.bin
2016,    04,  12,      6.757,      0.000, ftp://sidads.colorado.edu/pub/DATASETS/nsidc0081_nrt_nasateam_seaice/south/nt_20160412_f18_nrt_s.bin
2016,    04,  13,      6.905,      0.000, ftp://sidads.colorado.edu/pub/DATASETS/nsidc0081_nrt_nasateam_seaice/south/nt_20160413_f18_nrt_s.bin
2016,    04,  14,      7.052,      0.000, ftp://sidads.colorado.edu/pub/DATASETS/nsidc0081_nrt_nasateam_seaice/south/nt_20160414_f18_nrt_s.bin
2016,    04,  15,      7.208,      0.000, ftp://sidads.colorado.edu/pub/DATASETS/nsidc0081_nrt_nasateam_seaice/south/nt_20160415_f18_nrt_s.bin
2016,    04,  16,      7.327,      0.000, ftp://sidads.colorado.edu/pub/DATASETS/nsidc0081_nrt_nasateam_seaice/south/nt_20160416_f18_nrt_s.bin
2016,    04,  17,      7.452,      0.000, ftp://sidads.colorado.edu/pub/DATASETS/nsidc0081_nrt_nasateam_seaice/south/nt_20160417_f18_nrt_s.bin
2016,    04,  18,      7.516,      0.000, ftp://sidads.colorado.edu/pub/DATASETS/nsidc0081_nrt_nasateam_seaice/south/nt_20160418_f18_nrt_s.bin
2016,    04,  19,      7.522,      0.000, ftp://sidads.colorado.edu/pub/DATASETS/nsidc0081_nrt_nasateam_seaice/south/nt_20160419_f18_nrt_s.bin
2016,    04,  20,      7.636,      0.000, ftp://sidads.colorado.edu/pub/DATASETS/nsidc0081_nrt_nasateam_seaice/south/nt_20160420_f18_nrt_s.bin
2016,    04,  21,      7.744,      0.000, ftp://sidads.colorado.edu/pub/DATASETS/nsidc0081_nrt_nasateam_seaice/south/nt_20160421_f18_nrt_s.bin
2016,    04,  22,      7.843,      0.000, ftp://sidads.colorado.edu/pub/DATASETS/nsidc0081_nrt_nasateam_seaice/south/nt_20160422_f18_nrt_s.bin
2016,    04,  23,      7.957,      0.000, ftp://sidads.colorado.edu/pub/DATASETS/nsidc0081_nrt_nasateam_seaice/south/nt_20160423_f18_nrt_s.bin
2016,    04,  24,      8.141,      0.000, ftp://sidads.colorado.edu/pub/DATASETS/nsidc0081_nrt_nasateam_seaice/south/nt_20160424_f18_nrt_s.bin
2016,    04,  25,      8.230,      0.000, ftp://sidads.colorado.edu/pub/DATASETS/nsidc0081_nrt_nasateam_seaice/south/nt_20160425_f18_nrt_s.bin
2016,    04,  26,      8.362,      0.000, ftp://sidads.colorado.edu/pub/DATASETS/nsidc0081_nrt_nasateam_seaice/south/nt_20160426_f18_nrt_s.bin
2016,    04,  27,      8.419,      0.000, ftp://sidads.colorado.edu/pub/DATASETS/nsidc0081_nrt_nasateam_seaice/south/nt_20160427_f18_nrt_s.bin
2016,    04,  28,      8.448,      0.000, ftp://sidads.colorado.edu/pub/DATASETS/nsidc0081_nrt_nasateam_seaice/south/nt_20160428_f18_nrt_s.bin
2016,    04,  29,      8.565,      0.000, ftp://sidads.colorado.edu/pub/DATASETS/nsidc0081_nrt_nasateam_seaice/south/nt_20160429_f18_nrt_s.bin
2016,    04,  30,      8.643,      0.000, ftp://sidads.colorado.edu/pub/DATASETS/nsidc0081_nrt_nasateam_seaice/south/nt_20160430_f18_nrt_s.bin
2016,    05,  01,      8.738,      0.000, ftp://sidads.colorado.edu/pub/DATASETS/nsidc0081_nrt_nasateam_seaice/south/nt_20160501_f18_nrt_s.bin
2016,    05,  02,      8.855,      0.000, ftp://sidads.colorado.edu/pub/DATASETS/nsidc0081_nrt_nasateam_seaice/south/nt_20160502_f18_nrt_s.bin
2016,    05,  03,      8.997,      0.000, ftp://sidads.colorado.edu/pub/DATASETS/nsidc0081_nrt_nasateam_seaice/south/nt_20160503_f18_nrt_s.bin
2016,    05,  04,      9.096,      0.000, ftp://sidads.colorado.edu/pub/DATASETS/nsidc0081_nrt_nasateam_seaice/south/nt_20160504_f18_nrt_s.bin
2016,    05,  05,      9.138,      0.000, ftp://sidads.colorado.edu/pub/DATASETS/nsidc0081_nrt_nasateam_seaice/south/nt_20160505_f18_nrt_s.bin
2016,    05,  06,      9.237,      0.000, ftp://sidads.colorado.edu/pub/DATASETS/nsidc0081_nrt_nasateam_seaice/south/nt_20160506_f18_nrt_s.bin
2016,    05,  07,      9.297,      0.000, ftp://sidads.colorado.edu/pub/DATASETS/nsidc0081_nrt_nasateam_seaice/south/nt_20160507_f18_nrt_s.bin
2016,    05,  08,      9.384,      0.000, ftp://sidads.colorado.edu/pub/DATASETS/nsidc0081_nrt_nasateam_seaice/south/nt_20160508_f18_nrt_s.bin
2016,    05,  09,      9.512,      0.000, ftp://sidads.colorado.edu/pub/DATASETS/nsidc0081_nrt_nasateam_seaice/south/nt_20160509_f18_nrt_s.bin
2016,    05,  10,      9.528,      0.000, ftp://sidads.colorado.edu/pub/DATASETS/nsidc0081_nrt_nasateam_seaice/south/nt_20160510_f18_nrt_s.bin
2016,    05,  11,      9.600,      0.000, ftp://sidads.colorado.edu/pub/DATASETS/nsidc0081_nrt_nasateam_seaice/south/nt_20160511_f18_nrt_s.bin
2016,    05,  12,      9.644,      0.000, ftp://sidads.colorado.edu/pub/DATASETS/nsidc0081_nrt_nasateam_seaice/south/nt_20160512_f18_nrt_s.bin
2016,    05,  13,      9.770,      0.000, ftp://sidads.colorado.edu/pub/DATASETS/nsidc0081_nrt_nasateam_seaice/south/nt_20160513_f18_nrt_s.bin
2016,    05,  14,      9.871,      0.000, ftp://sidads.colorado.edu/pub/DATASETS/nsidc0081_nrt_nasateam_seaice/south/nt_20160514_f18_nrt_s.bin
2016,    05,  15,      9.976,      0.000, ftp://sidads.colorado.edu/pub/DATASETS/nsidc0081_nrt_nasateam_seaice/south/nt_20160515_f18_nrt_s.bin
2016,    05,  16,     10.104,      0.000, ftp://sidads.colorado.edu/pub/DATASETS/nsidc0081_nrt_nasateam_seaice/south/nt_20160516_f18_nrt_s.bin
2016,    05,  17,     10.245,      0.000, ftp://sidads.colorado.edu/pub/DATASETS/nsidc0081_nrt_nasateam_seaice/south/nt_20160517_f18_nrt_s.bin
2016,    05,  18,     10.300,      0.000, ftp://sidads.colorado.edu/pub/DATASETS/nsidc0081_nrt_nasateam_seaice/south/nt_20160518_f18_nrt_s.bin
2016,    05,  19,     10.485,      0.000, ftp://sidads.colorado.edu/pub/DATASETS/nsidc0081_nrt_nasateam_seaice/south/nt_20160519_f18_nrt_s.bin
2016,    05,  20,     10.539,      0.000, ftp://sidads.colorado.edu/pub/DATASETS/nsidc0081_nrt_nasateam_seaice/south/nt_20160520_f18_nrt_s.bin
2016,    05,  21,     10.659,      0.000, ftp://sidads.colorado.edu/pub/DATASETS/nsidc0081_nrt_nasateam_seaice/south/nt_20160521_f18_nrt_s.bin
2016,    05,  22,     10.690,      0.000, ftp://sidads.colorado.edu/pub/DATASETS/nsidc0081_nrt_nasateam_seaice/south/nt_20160522_f18_nrt_s.bin
2016,    05,  23,     10.744,      0.000, ftp://sidads.colorado.edu/pub/DATASETS/nsidc0081_nrt_nasateam_seaice/south/nt_20160523_f18_nrt_s.bin
2016,    05,  24,     10.846,      0.000, ftp://sidads.colorado.edu/pub/DATASETS/nsidc0081_nrt_nasateam_seaice/south/nt_20160524_f18_nrt_s.bin
2016,    05,  25,     10.938,      0.000, ftp://sidads.colorado.edu/pub/DATASETS/nsidc0081_nrt_nasateam_seaice/south/nt_20160525_f18_nrt_s.bin
2016,    05,  26,     10.918,      0.000, ftp://sidads.colorado.edu/pub/DATASETS/nsidc0081_nrt_nasateam_seaice/south/nt_20160526_f18_nrt_s.bin
2016,    05,  27,     11.019,      0.000, ftp://sidads.colorado.edu/pub/DATASETS/nsidc0081_nrt_nasateam_seaice/south/nt_20160527_f18_nrt_s.bin
2016,    05,  28,     11.085,      0.000, ftp://sidads.colorado.edu/pub/DATASETS/nsidc0081_nrt_nasateam_seaice/south/nt_20160528_f18_nrt_s.bin
2016,    05,  29,     11.089,      0.000, ftp://sidads.colorado.edu/pub/DATASETS/nsidc0081_nrt_nasateam_seaice/south/nt_20160529_f18_nrt_s.bin
2016,    05,  30,     11.124,      0.000, ftp://sidads.colorado.edu/pub/DATASETS/nsidc0081_nrt_nasateam_seaice/south/nt_20160530_f18_nrt_s.bin
2016,    05,  31,     11.253,      0.000, ftp://sidads.colorado.edu/pub/DATASETS/nsidc0081_nrt_nasateam_seaice/south/nt_20160531_f18_nrt_s.bin
2016,    06,  01,     11.381,      0.000, ftp://sidads.colorado.edu/pub/DATASETS/nsidc0081_nrt_nasateam_seaice/south/nt_20160601_f18_nrt_s.bin
2016,    06,  02,     11.495,      0.000, ftp://sidads.colorado.edu/pub/DATASETS/nsidc0081_nrt_nasateam_seaice/south/nt_20160602_f18_nrt_s.bin
2016,    06,  03,     11.675,      0.000, ftp://sidads.colorado.edu/pub/DATASETS/nsidc0081_nrt_nasateam_seaice/south/nt_20160603_f18_nrt_s.bin
2016,    06,  04,     11.750,      0.000, ftp://sidads.colorado.edu/pub/DATASETS/nsidc0081_nrt_nasateam_seaice/south/nt_20160604_f18_nrt_s.bin
2016,    06,  05,     11.953,      0.000, ftp://sidads.colorado.edu/pub/DATASETS/nsidc0081_nrt_nasateam_seaice/south/nt_20160605_f18_nrt_s.bin
2016,    06,  06,     12.127,      0.000, ftp://sidads.colorado.edu/pub/DATASETS/nsidc0081_nrt_nasateam_seaice/south/nt_20160606_f18_nrt_s.bin
2016,    06,  07,     12.246,      0.000, ftp://sidads.colorado.edu/pub/DATASETS/nsidc0081_nrt_nasateam_seaice/south/nt_20160607_f18_nrt_s.bin
2016,    06,  08,     12.370,      0.000, ftp://sidads.colorado.edu/pub/DATASETS/nsidc0081_nrt_nasateam_seaice/south/nt_20160608_f18_nrt_s.bin
2016,    06,  09,     12.492,      0.000, ftp://sidads.colorado.edu/pub/DATASETS/nsidc0081_nrt_nasateam_seaice/south/nt_20160609_f18_nrt_s.bin
2016,    06,  10,     12.567,      0.000, ftp://sidads.colorado.edu/pub/DATASETS/nsidc0081_nrt_nasateam_seaice/south/nt_20160610_f18_nrt_s.bin
2016,    06,  11,     12.737,      0.000, ftp://sidads.colorado.edu/pub/DATASETS/nsidc0081_nrt_nasateam_seaice/south/nt_20160611_f18_nrt_s.bin
2016,    06,  12,     12.898,      0.000, ftp://sidads.colorado.edu/pub/DATASETS/nsidc0081_nrt_nasateam_seaice/south/nt_20160612_f18_nrt_s.bin
2016,    06,  13,     13.069,      0.000, ftp://sidads.colorado.edu/pub/DATASETS/nsidc0081_nrt_nasateam_seaice/south/nt_20160613_f18_nrt_s.bin
2016,    06,  14,     13.241,      0.000, ftp://sidads.colorado.edu/pub/DATASETS/nsidc0081_nrt_nasateam_seaice/south/nt_20160614_f18_nrt_s.bin
2016,    06,  15,     13.302,      0.000, ftp://sidads.colorado.edu/pub/DATASETS/nsidc0081_nrt_nasateam_seaice/south/nt_20160615_f18_nrt_s.bin
2016,    06,  16,     13.403,      0.000, ftp://sidads.colorado.edu/pub/DATASETS/nsidc0081_nrt_nasateam_seaice/south/nt_20160616_f18_nrt_s.bin
2016,    06,  17,     13.478,      0.000, ftp://sidads.colorado.edu/pub/DATASETS/nsidc0081_nrt_nasateam_seaice/south/nt_20160617_f18_nrt_s.bin
2016,    06,  18,     13.598,      0.000, ftp://sidads.colorado.edu/pub/DATASETS/nsidc0081_nrt_nasateam_seaice/south/nt_20160618_f18_nrt_s.bin
2016,    06,  19,     13.738,      0.000, ftp://sidads.colorado.edu/pub/DATASETS/nsidc0081_nrt_nasateam_seaice/south/nt_20160619_f18_nrt_s.bin
2016,    06,  20,     13.842,      0.000, ftp://sidads.colorado.edu/pub/DATASETS/nsidc0081_nrt_nasateam_seaice/south/nt_20160620_f18_nrt_s.bin
2016,    06,  21,     13.907,      0.000, ftp://sidads.colorado.edu/pub/DATASETS/nsidc0081_nrt_nasateam_seaice/south/nt_20160621_f18_nrt_s.bin
2016,    06,  22,     14.018,      0.000, ftp://sidads.colorado.edu/pub/DATASETS/nsidc0081_nrt_nasateam_seaice/south/nt_20160622_f18_nrt_s.bin
2016,    06,  23,     14.097,      0.000, ftp://sidads.colorado.edu/pub/DATASETS/nsidc0081_nrt_nasateam_seaice/south/nt_20160623_f18_nrt_s.bin
2016,    06,  24,     14.148,      0.000, ftp://sidads.colorado.edu/pub/DATASETS/nsidc0081_nrt_nasateam_seaice/south/nt_20160624_f18_nrt_s.bin
2016,    06,  25,     14.204,      0.000, ftp://sidads.colorado.edu/pub/DATASETS/nsidc0081_nrt_nasateam_seaice/south/nt_20160625_f18_nrt_s.bin
2016,    06,  26,     14.279,      0.000, ftp://sidads.colorado.edu/pub/DATASETS/nsidc0081_nrt_nasateam_seaice/south/nt_20160626_f18_nrt_s.bin
2016,    06,  27,     14.391,      0.000, ftp://sidads.colorado.edu/pub/DATASETS/nsidc0081_nrt_nasateam_seaice/south/nt_20160627_f18_nrt_s.bin
2016,    06,  28,     14.490,      0.000, ftp://sidads.colorado.edu/pub/DATASETS/nsidc0081_nrt_nasateam_seaice/south/nt_20160628_f18_nrt_s.bin
2016,    06,  29,     14.613,      0.000, ftp://sidads.colorado.edu/pub/DATASETS/nsidc0081_nrt_nasateam_seaice/south/nt_20160629_f18_nrt_s.bin
2016,    06,  30,     14.728,      0.000, ftp://sidads.colorado.edu/pub/DATASETS/nsidc0081_nrt_nasateam_seaice/south/nt_20160630_f18_nrt_s.bin
2016,    07,  01,     14.829,      0.000, ftp://sidads.colorado.edu/pub/DATASETS/nsidc0081_nrt_nasateam_seaice/south/nt_20160701_f18_nrt_s.bin
2016,    07,  02,     14.766,      0.000, ftp://sidads.colorado.edu/pub/DATASETS/nsidc0081_nrt_nasateam_seaice/south/nt_20160702_f18_nrt_s.bin
2016,    07,  03,     14.823,      0.000, ftp://sidads.colorado.edu/pub/DATASETS/nsidc0081_nrt_nasateam_seaice/south/nt_20160703_f18_nrt_s.bin
2016,    07,  04,     14.949,      0.000, ftp://sidads.colorado.edu/pub/DATASETS/nsidc0081_nrt_nasateam_seaice/south/nt_20160704_f18_nrt_s.bin
2016,    07,  05,     15.115,      0.000, ftp://sidads.colorado.edu/pub/DATASETS/nsidc0081_nrt_nasateam_seaice/south/nt_20160705_f18_nrt_s.bin
2016,    07,  06,     15.357,      0.000, ftp://sidads.colorado.edu/pub/DATASETS/nsidc0081_nrt_nasateam_seaice/south/nt_20160706_f18_nrt_s.bin
2016,    07,  07,     15.493,      0.000, ftp://sidads.colorado.edu/pub/DATASETS/nsidc0081_nrt_nasateam_seaice/south/nt_20160707_f18_nrt_s.bin
2016,    07,  08,     15.547,      0.000, ftp://sidads.colorado.edu/pub/DATASETS/nsidc0081_nrt_nasateam_seaice/south/nt_20160708_f18_nrt_s.bin
2016,    07,  09,     15.636,      0.000, ftp://sidads.colorado.edu/pub/DATASETS/nsidc0081_nrt_nasateam_seaice/south/nt_20160709_f18_nrt_s.bin
2016,    07,  10,     15.740,      0.000, ftp://sidads.colorado.edu/pub/DATASETS/nsidc0081_nrt_nasateam_seaice/south/nt_20160710_f18_nrt_s.bin
2016,    07,  11,     15.844,      0.000, ftp://sidads.colorado.edu/pub/DATASETS/nsidc0081_nrt_nasateam_seaice/south/nt_20160711_f18_nrt_s.bin
2016,    07,  12,     15.949,      0.000, ftp://sidads.colorado.edu/pub/DATASETS/nsidc0081_nrt_nasateam_seaice/south/nt_20160712_f18_nrt_s.bin
2016,    07,  13,     15.982,      0.000, ftp://sidads.colorado.edu/pub/DATASETS/nsidc0081_nrt_nasateam_seaice/south/nt_20160713_f18_nrt_s.bin
2016,    07,  14,     16.027,      0.000, ftp://sidads.colorado.edu/pub/DATASETS/nsidc0081_nrt_nasateam_seaice/south/nt_20160714_f18_nrt_s.bin
2016,    07,  15,     16.041,      0.000, ftp://sidads.colorado.edu/pub/DATASETS/nsidc0081_nrt_nasateam_seaice/south/nt_20160715_f18_nrt_s.bin
2016,    07,  16,     16.059,      0.000, ftp://sidads.colorado.edu/pub/DATASETS/nsidc0081_nrt_nasateam_seaice/south/nt_20160716_f18_nrt_s.bin
2016,    07,  17,     16.064,      0.000, ftp://sidads.colorado.edu/pub/DATASETS/nsidc0081_nrt_nasateam_seaice/south/nt_20160717_f18_nrt_s.bin
2016,    07,  18,     16.134,      0.000, ftp://sidads.colorado.edu/pub/DATASETS/nsidc0081_nrt_nasateam_seaice/south/nt_20160718_f18_nrt_s.bin
2016,    07,  19,     16.142,      0.000, ftp://sidads.colorado.edu/pub/DATASETS/nsidc0081_nrt_nasateam_seaice/south/nt_20160719_f18_nrt_s.bin
2016,    07,  20,     16.170,      0.000, ftp://sidads.colorado.edu/pub/DATASETS/nsidc0081_nrt_nasateam_seaice/south/nt_20160720_f18_nrt_s.bin
2016,    07,  21,     16.170,      0.000, ftp://sidads.colorado.edu/pub/DATASETS/nsidc0081_nrt_nasateam_seaice/south/nt_20160721_f18_nrt_s.bin
2016,    07,  22,     16.323,      0.000, ftp://sidads.colorado.edu/pub/DATASETS/nsidc0081_nrt_nasateam_seaice/south/nt_20160722_f18_nrt_s.bin
2016,    07,  23,     16.426,      0.000, ftp://sidads.colorado.edu/pub/DATASETS/nsidc0081_nrt_nasateam_seaice/south/nt_20160723_f18_nrt_s.bin
2016,    07,  24,     16.532,      0.000, ftp://sidads.colorado.edu/pub/DATASETS/nsidc0081_nrt_nasateam_seaice/south/nt_20160724_f18_nrt_s.bin
2016,    07,  25,     16.553,      0.000, ftp://sidads.colorado.edu/pub/DATASETS/nsidc0081_nrt_nasateam_seaice/south/nt_20160725_f18_nrt_s.bin
2016,    07,  26,     16.620,      0.000, ftp://sidads.colorado.edu/pub/DATASETS/nsidc0081_nrt_nasateam_seaice/south/nt_20160726_f18_nrt_s.bin
2016,    07,  27,     16.711,      0.000, ftp://sidads.colorado.edu/pub/DATASETS/nsidc0081_nrt_nasateam_seaice/south/nt_20160727_f18_nrt_s.bin
2016,    07,  28,     16.691,      0.000, ftp://sidads.colorado.edu/pub/DATASETS/nsidc0081_nrt_nasateam_seaice/south/nt_20160728_f18_nrt_s.bin
2016,    07,  29,     16.751,      0.000, ftp://sidads.colorado.edu/pub/DATASETS/nsidc0081_nrt_nasateam_seaice/south/nt_20160729_f18_nrt_s.bin
2016,    07,  30,     16.874,      0.000, ftp://sidads.colorado.edu/pub/DATASETS/nsidc0081_nrt_nasateam_seaice/south/nt_20160730_f18_nrt_s.bin
2016,    07,  31,     16.873,      0.000, ftp://sidads.colorado.edu/pub/DATASETS/nsidc0081_nrt_nasateam_seaice/south/nt_20160731_f18_nrt_s.bin
2016,    08,  01,     16.920,      0.001, ftp://sidads.colorado.edu/pub/DATASETS/nsidc0081_nrt_nasateam_seaice/south/nt_20160801_f18_nrt_s.bin
2016,    08,  02,     16.941,      0.000, ftp://sidads.colorado.edu/pub/DATASETS/nsidc0081_nrt_nasateam_seaice/south/nt_20160802_f18_nrt_s.bin
2016,    08,  03,     17.012,      0.000, ftp://sidads.colorado.edu/pub/DATASETS/nsidc0081_nrt_nasateam_seaice/south/nt_20160803_f18_nrt_s.bin
2016,    08,  04,     17.052,      0.000, ftp://sidads.colorado.edu/pub/DATASETS/nsidc0081_nrt_nasateam_seaice/south/nt_20160804_f18_nrt_s.bin
2016,    08,  05,     17.089,      0.000, ftp://sidads.colorado.edu/pub/DATASETS/nsidc0081_nrt_nasateam_seaice/south/nt_20160805_f18_nrt_s.bin
2016,    08,  06,     17.166,      0.000, ftp://sidads.colorado.edu/pub/DATASETS/nsidc0081_nrt_nasateam_seaice/south/nt_20160806_f18_nrt_s.bin
2016,    08,  07,     17.221,      0.000, ftp://sidads.colorado.edu/pub/DATASETS/nsidc0081_nrt_nasateam_seaice/south/nt_20160807_f18_nrt_s.bin
2016,    08,  08,     17.324,      0.000, ftp://sidads.colorado.edu/pub/DATASETS/nsidc0081_nrt_nasateam_seaice/south/nt_20160808_f18_nrt_s.bin
2016,    08,  09,     17.499,      0.000, ftp://sidads.colorado.edu/pub/DATASETS/nsidc0081_nrt_nasateam_seaice/south/nt_20160809_f18_nrt_s.bin
2016,    08,  10,     17.543,      0.000, ftp://sidads.colorado.edu/pub/DATASETS/nsidc0081_nrt_nasateam_seaice/south/nt_20160810_f18_nrt_s.bin
2016,    08,  11,     17.583,      0.000, ftp://sidads.colorado.edu/pub/DATASETS/nsidc0081_nrt_nasateam_seaice/south/nt_20160811_f18_nrt_s.bin
2016,    08,  12,     17.676,      0.000, ftp://sidads.colorado.edu/pub/DATASETS/nsidc0081_nrt_nasateam_seaice/south/nt_20160812_f18_nrt_s.bin
2016,    08,  13,     17.732,      0.000, ftp://sidads.colorado.edu/pub/DATASETS/nsidc0081_nrt_nasateam_seaice/south/nt_20160813_f18_nrt_s.bin
2016,    08,  14,     17.757,      0.000, ftp://sidads.colorado.edu/pub/DATASETS/nsidc0081_nrt_nasateam_seaice/south/nt_20160814_f18_nrt_s.bin
2016,    08,  15,     17.843,      0.000, ftp://sidads.colorado.edu/pub/DATASETS/nsidc0081_nrt_nasateam_seaice/south/nt_20160815_f18_nrt_s.bin
2016,    08,  16,     17.925,      0.000, ftp://sidads.colorado.edu/pub/DATASETS/nsidc0081_nrt_nasateam_seaice/south/nt_20160816_f18_nrt_s.bin
2016,    08,  17,     17.946,      0.000, ftp://sidads.colorado.edu/pub/DATASETS/nsidc0081_nrt_nasateam_seaice/south/nt_20160817_f18_nrt_s.bin
2016,    08,  18,     17.949,      0.000, ftp://sidads.colorado.edu/pub/DATASETS/nsidc0081_nrt_nasateam_seaice/south/nt_20160818_f18_nrt_s.bin
2016,    08,  19,     18.109,      0.000, ftp://sidads.colorado.edu/pub/DATASETS/nsidc0081_nrt_nasateam_seaice/south/nt_20160819_f18_nrt_s.bin
2016,    08,  20,     18.150,      0.000, ftp://sidads.colorado.edu/pub/DATASETS/nsidc0081_nrt_nasateam_seaice/south/nt_20160820_f18_nrt_s.bin
2016,    08,  21,     18.216,      0.000, ftp://sidads.colorado.edu/pub/DATASETS/nsidc0081_nrt_nasateam_seaice/south/nt_20160821_f18_nrt_s.bin
2016,    08,  22,     18.265,      0.000, ftp://sidads.colorado.edu/pub/DATASETS/nsidc0081_nrt_nasateam_seaice/south/nt_20160822_f18_nrt_s.bin
2016,    08,  23,     18.192,      0.000, ftp://sidads.colorado.edu/pub/DATASETS/nsidc0081_nrt_nasateam_seaice/south/nt_20160823_f18_nrt_s.bin
2016,    08,  24,     18.211,      0.001, ftp://sidads.colorado.edu/pub/DATASETS/nsidc0081_nrt_nasateam_seaice/south/nt_20160824_f18_nrt_s.bin
2016,    08,  25,     18.279,      0.001, ftp://sidads.colorado.edu/pub/DATASETS/nsidc0081_nrt_nasateam_seaice/south/nt_20160825_f18_nrt_s.bin
2016,    08,  26,     18.381,      0.000, ftp://sidads.colorado.edu/pub/DATASETS/nsidc0081_nrt_nasateam_seaice/south/nt_20160826_f18_nrt_s.bin
2016,    08,  27,     18.416,      0.000, ftp://sidads.colorado.edu/pub/DATASETS/nsidc0081_nrt_nasateam_seaice/south/nt_20160827_f18_nrt_s.bin
2016,    08,  28,     18.518,      0.000, ftp://sidads.colorado.edu/pub/DATASETS/nsidc0081_nrt_nasateam_seaice/south/nt_20160828_f18_nrt_s.bin
2016,    08,  29,     18.472,      0.000, ftp://sidads.colorado.edu/pub/DATASETS/nsidc0081_nrt_nasateam_seaice/south/nt_20160829_f18_nrt_s.bin
2016,    08,  30,     18.383,      0.000, ftp://sidads.colorado.edu/pub/DATASETS/nsidc0081_nrt_nasateam_seaice/south/nt_20160830_f18_nrt_s.bin
2016,    08,  31,     18.391,      0.000, ftp://sidads.colorado.edu/pub/DATASETS/nsidc0081_nrt_nasateam_seaice/south/nt_20160831_f18_nrt_s.bin
2016,    09,  01,     18.259,      0.000, ftp://sidads.colorado.edu/pub/DATASETS/nsidc0081_nrt_nasateam_seaice/south/nt_20160901_f18_nrt_s.bin
2016,    09,  02,     18.173,      0.000, ftp://sidads.colorado.edu/pub/DATASETS/nsidc0081_nrt_nasateam_seaice/south/nt_20160902_f18_nrt_s.bin
2016,    09,  03,     18.167,      0.000, ftp://sidads.colorado.edu/pub/DATASETS/nsidc0081_nrt_nasateam_seaice/south/nt_20160903_f18_nrt_s.bin
2016,    09,  04,     18.223,      0.000, ftp://sidads.colorado.edu/pub/DATASETS/nsidc0081_nrt_nasateam_seaice/south/nt_20160904_f18_nrt_s.bin
2016,    09,  05,     18.322,      0.000, ftp://sidads.colorado.edu/pub/DATASETS/nsidc0081_nrt_nasateam_seaice/south/nt_20160905_f18_nrt_s.bin
2016,    09,  06,     18.339,      0.000, ftp://sidads.colorado.edu/pub/DATASETS/nsidc0081_nrt_nasateam_seaice/south/nt_20160906_f18_nrt_s.bin
2016,    09,  07,     18.371,      0.000, ftp://sidads.colorado.edu/pub/DATASETS/nsidc0081_nrt_nasateam_seaice/south/nt_20160907_f18_nrt_s.bin
2016,    09,  08,     18.359,      0.000, ftp://sidads.colorado.edu/pub/DATASETS/nsidc0081_nrt_nasateam_seaice/south/nt_20160908_f18_nrt_s.bin
2016,    09,  09,     18.309,      0.000, ftp://sidads.colorado.edu/pub/DATASETS/nsidc0081_nrt_nasateam_seaice/south/nt_20160909_f18_nrt_s.bin
2016,    09,  10,     18.212,      0.000, ftp://sidads.colorado.edu/pub/DATASETS/nsidc0081_nrt_nasateam_seaice/south/nt_20160910_f18_nrt_s.bin
2016,    09,  11,     18.101,      0.000, ftp://sidads.colorado.edu/pub/DATASETS/nsidc0081_nrt_nasateam_seaice/south/nt_20160911_f18_nrt_s.bin
2016,    09,  12,     17.978,      0.000, ftp://sidads.colorado.edu/pub/DATASETS/nsidc0081_nrt_nasateam_seaice/south/nt_20160912_f18_nrt_s.bin
2016,    09,  13,     17.892,      0.000, ftp://sidads.colorado.edu/pub/DATASETS/nsidc0081_nrt_nasateam_seaice/south/nt_20160913_f18_nrt_s.bin
2016,    09,  14,     17.834,      0.000, ftp://sidads.colorado.edu/pub/DATASETS/nsidc0081_nrt_nasateam_seaice/south/nt_20160914_f18_nrt_s.bin
2016,    09,  15,     17.863,      0.000, ftp://sidads.colorado.edu/pub/DATASETS/nsidc0081_nrt_nasateam_seaice/south/nt_20160915_f18_nrt_s.bin
2016,    09,  16,     17.838,      0.000, ftp://sidads.colorado.edu/pub/DATASETS/nsidc0081_nrt_nasateam_seaice/south/nt_20160916_f18_nrt_s.bin
2016,    09,  17,     17.944,      0.000, ftp://sidads.colorado.edu/pub/DATASETS/nsidc0081_nrt_nasateam_seaice/south/nt_20160917_f18_nrt_s.bin
2016,    09,  18,     17.985,      0.000, ftp://sidads.colorado.edu/pub/DATASETS/nsidc0081_nrt_nasateam_seaice/south/nt_20160918_f18_nrt_s.bin
2016,    09,  19,     17.939,      0.000, ftp://sidads.colorado.edu/pub/DATASETS/nsidc0081_nrt_nasateam_seaice/south/nt_20160919_f18_nrt_s.bin
2016,    09,  20,     17.969,      0.000, ftp://sidads.colorado.edu/pub/DATASETS/nsidc0081_nrt_nasateam_seaice/south/nt_20160920_f18_nrt_s.bin
2016,    09,  21,     18.040,      0.000, ftp://sidads.colorado.edu/pub/DATASETS/nsidc0081_nrt_nasateam_seaice/south/nt_20160921_f18_nrt_s.bin
2016,    09,  22,     18.021,      0.000, ftp://sidads.colorado.edu/pub/DATASETS/nsidc0081_nrt_nasateam_seaice/south/nt_20160922_f18_nrt_s.bin
2016,    09,  23,     17.975,      0.000, ftp://sidads.colorado.edu/pub/DATASETS/nsidc0081_nrt_nasateam_seaice/south/nt_20160923_f18_nrt_s.bin
2016,    09,  24,     17.981,      0.000, ftp://sidads.colorado.edu/pub/DATASETS/nsidc0081_nrt_nasateam_seaice/south/nt_20160924_f18_nrt_s.bin
2016,    09,  25,     18.038,      0.000, ftp://sidads.colorado.edu/pub/DATASETS/nsidc0081_nrt_nasateam_seaice/south/nt_20160925_f18_nrt_s.bin
2016,    09,  26,     18.057,      0.000, ftp://sidads.colorado.edu/pub/DATASETS/nsidc0081_nrt_nasateam_seaice/south/nt_20160926_f18_nrt_s.bin
2016,    09,  27,     18.028,      0.000, ftp://sidads.colorado.edu/pub/DATASETS/nsidc0081_nrt_nasateam_seaice/south/nt_20160927_f18_nrt_s.bin
2016,    09,  28,     18.007,      0.000, ftp://sidads.colorado.edu/pub/DATASETS/nsidc0081_nrt_nasateam_seaice/south/nt_20160928_f18_nrt_s.bin
2016,    09,  29,     18.004,      0.000, ftp://sidads.colorado.edu/pub/DATASETS/nsidc0081_nrt_nasateam_seaice/south/nt_20160929_f18_nrt_s.bin
2016,    09,  30,     18.019,      0.000, ftp://sidads.colorado.edu/pub/DATASETS/nsidc0081_nrt_nasateam_seaice/south/nt_20160930_f18_nrt_s.bin
2016,    10,  01,     18.028,      0.000, ftp://sidads.colorado.edu/pub/DATASETS/nsidc0081_nrt_nasateam_seaice/south/nt_20161001_f18_nrt_s.bin
2016,    10,  02,     18.009,      0.000, ftp://sidads.colorado.edu/pub/DATASETS/nsidc0081_nrt_nasateam_seaice/south/nt_20161002_f18_nrt_s.bin
2016,    10,  03,     18.030,      0.000, ftp://sidads.colorado.edu/pub/DATASETS/nsidc0081_nrt_nasateam_seaice/south/nt_20161003_f18_nrt_s.bin
2016,    10,  04,     18.112,      0.000, ftp://sidads.colorado.edu/pub/DATASETS/nsidc0081_nrt_nasateam_seaice/south/nt_20161004_f18_nrt_s.bin
2016,    10,  05,     18.071,      0.000, ftp://sidads.colorado.edu/pub/DATASETS/nsidc0081_nrt_nasateam_seaice/south/nt_20161005_f18_nrt_s.bin
2016,    10,  06,     17.942,      0.000, ftp://sidads.colorado.edu/pub/DATASETS/nsidc0081_nrt_nasateam_seaice/south/nt_20161006_f18_nrt_s.bin
2016,    10,  07,     17.827,      0.000, ftp://sidads.colorado.edu/pub/DATASETS/nsidc0081_nrt_nasateam_seaice/south/nt_20161007_f18_nrt_s.bin
2016,    10,  08,     17.799,      0.000, ftp://sidads.colorado.edu/pub/DATASETS/nsidc0081_nrt_nasateam_seaice/south/nt_20161008_f18_nrt_s.bin
2016,    10,  09,     17.809,      0.000, ftp://sidads.colorado.edu/pub/DATASETS/nsidc0081_nrt_nasateam_seaice/south/nt_20161009_f18_nrt_s.bin
2016,    10,  10,     17.785,      0.000, ftp://sidads.colorado.edu/pub/DATASETS/nsidc0081_nrt_nasateam_seaice/south/nt_20161010_f18_nrt_s.bin
2016,    10,  11,     17.694,      0.000, ftp://sidads.colorado.edu/pub/DATASETS/nsidc0081_nrt_nasateam_seaice/south/nt_20161011_f18_nrt_s.bin
2016,    10,  12,     17.680,      0.000, ftp://sidads.colorado.edu/pub/DATASETS/nsidc0081_nrt_nasateam_seaice/south/nt_20161012_f18_nrt_s.bin
2016,    10,  13,     17.676,      0.000, ftp://sidads.colorado.edu/pub/DATASETS/nsidc0081_nrt_nasateam_seaice/south/nt_20161013_f18_nrt_s.bin
2016,    10,  14,     17.635,      0.000, ftp://sidads.colorado.edu/pub/DATASETS/nsidc0081_nrt_nasateam_seaice/south/nt_20161014_f18_nrt_s.bin
2016,    10,  15,     17.580,      0.000, ftp://sidads.colorado.edu/pub/DATASETS/nsidc0081_nrt_nasateam_seaice/south/nt_20161015_f18_nrt_s.bin
2016,    10,  16,     17.485,      0.000, ftp://sidads.colorado.edu/pub/DATASETS/nsidc0081_nrt_nasateam_seaice/south/nt_20161016_f18_nrt_s.bin
2016,    10,  17,     17.413,      0.001, ftp://sidads.colorado.edu/pub/DATASETS/nsidc0081_nrt_nasateam_seaice/south/nt_20161017_f18_nrt_s.bin
2016,    10,  18,     17.285,      0.000, ftp://sidads.colorado.edu/pub/DATASETS/nsidc0081_nrt_nasateam_seaice/south/nt_20161018_f18_nrt_s.bin
2016,    10,  19,     17.216,      0.000, ftp://sidads.colorado.edu/pub/DATASETS/nsidc0081_nrt_nasateam_seaice/south/nt_20161019_f18_nrt_s.bin
2016,    10,  20,     17.139,      0.000, ftp://sidads.colorado.edu/pub/DATASETS/nsidc0081_nrt_nasateam_seaice/south/nt_20161020_f18_nrt_s.bin
2016,    10,  21,     17.136,      0.000, ftp://sidads.colorado.edu/pub/DATASETS/nsidc0081_nrt_nasateam_seaice/south/nt_20161021_f18_nrt_s.bin
2016,    10,  22,     17.097,      0.000, ftp://sidads.colorado.edu/pub/DATASETS/nsidc0081_nrt_nasateam_seaice/south/nt_20161022_f18_nrt_s.bin
2016,    10,  23,     17.046,      0.000, ftp://sidads.colorado.edu/pub/DATASETS/nsidc0081_nrt_nasateam_seaice/south/nt_20161023_f18_nrt_s.bin
2016,    10,  24,     16.913,      0.000, ftp://sidads.colorado.edu/pub/DATASETS/nsidc0081_nrt_nasateam_seaice/south/nt_20161024_f18_nrt_s.bin
2016,    10,  25,     16.863,      0.000, ftp://sidads.colorado.edu/pub/DATASETS/nsidc0081_nrt_nasateam_seaice/south/nt_20161025_f18_nrt_s.bin
2016,    10,  26,     16.790,      0.000, ftp://sidads.colorado.edu/pub/DATASETS/nsidc0081_nrt_nasateam_seaice/south/nt_20161026_f18_nrt_s.bin
2016,    10,  27,     16.717,      0.000, ftp://sidads.colorado.edu/pub/DATASETS/nsidc0081_nrt_nasateam_seaice/south/nt_20161027_f18_nrt_s.bin
2016,    10,  28,     16.643,      0.000, ftp://sidads.colorado.edu/pub/DATASETS/nsidc0081_nrt_nasateam_seaice/south/nt_20161028_f18_nrt_s.bin
2016,    10,  29,     16.619,      0.000, ftp://sidads.colorado.edu/pub/DATASETS/nsidc0081_nrt_nasateam_seaice/south/nt_20161029_f18_nrt_s.bin
2016,    10,  30,     16.516,      0.000, ftp://sidads.colorado.edu/pub/DATASETS/nsidc0081_nrt_nasateam_seaice/south/nt_20161030_f18_nrt_s.bin
2016,    10,  31,     16.474,      0.000, ftp://sidads.colorado.edu/pub/DATASETS/nsidc0081_nrt_nasateam_seaice/south/nt_20161031_f18_nrt_s.bin
2016,    11,  01,     16.421,      0.000, ftp://sidads.colorado.edu/pub/DATASETS/nsidc0081_nrt_nasateam_seaice/south/nt_20161101_f18_nrt_s.bin
2016,    11,  02,     16.347,      0.000, ftp://sidads.colorado.edu/pub/DATASETS/nsidc0081_nrt_nasateam_seaice/south/nt_20161102_f18_nrt_s.bin
2016,    11,  03,     16.287,      0.000, ftp://sidads.colorado.edu/pub/DATASETS/nsidc0081_nrt_nasateam_seaice/south/nt_20161103_f18_nrt_s.bin
2016,    11,  04,     16.082,      0.000, ftp://sidads.colorado.edu/pub/DATASETS/nsidc0081_nrt_nasateam_seaice/south/nt_20161104_f18_nrt_s.bin
2016,    11,  05,     15.974,      0.000, ftp://sidads.colorado.edu/pub/DATASETS/nsidc0081_nrt_nasateam_seaice/south/nt_20161105_f18_nrt_s.bin
2016,    11,  06,     15.851,      0.000, ftp://sidads.colorado.edu/pub/DATASETS/nsidc0081_nrt_nasateam_seaice/south/nt_20161106_f18_nrt_s.bin
2016,    11,  07,     15.704,      0.000, ftp://sidads.colorado.edu/pub/DATASETS/nsidc0081_nrt_nasateam_seaice/south/nt_20161107_f18_nrt_s.bin
2016,    11,  08,     15.503,      0.000, ftp://sidads.colorado.edu/pub/DATASETS/nsidc0081_nrt_nasateam_seaice/south/nt_20161108_f18_nrt_s.bin
2016,    11,  09,     15.280,      0.000, ftp://sidads.colorado.edu/pub/DATASETS/nsidc0081_nrt_nasateam_seaice/south/nt_20161109_f18_nrt_s.bin
2016,    11,  10,     15.072,      0.000, ftp://sidads.colorado.edu/pub/DATASETS/nsidc0081_nrt_nasateam_seaice/south/nt_20161110_f18_nrt_s.bin
2016,    11,  11,     14.902,      0.000, ftp://sidads.colorado.edu/pub/DATASETS/nsidc0081_nrt_nasateam_seaice/south/nt_20161111_f18_nrt_s.bin
2016,    11,  12,     14.615,      0.000, ftp://sidads.colorado.edu/pub/DATASETS/nsidc0081_nrt_nasateam_seaice/south/nt_20161112_f18_nrt_s.bin
2016,    11,  13,     14.427,      0.000, ftp://sidads.colorado.edu/pub/DATASETS/nsidc0081_nrt_nasateam_seaice/south/nt_20161113_f18_nrt_s.bin
2016,    11,  14,     14.288,      0.000, ftp://sidads.colorado.edu/pub/DATASETS/nsidc0081_nrt_nasateam_seaice/south/nt_20161114_f18_nrt_s.bin
2016,    11,  15,     14.127,      0.000, ftp://sidads.colorado.edu/pub/DATASETS/nsidc0081_nrt_nasateam_seaice/south/nt_20161115_f18_nrt_s.bin
2016,    11,  16,     13.954,      0.001, ftp://sidads.colorado.edu/pub/DATASETS/nsidc0081_nrt_nasateam_seaice/south/nt_20161116_f18_nrt_s.bin
